"Site","Prediction"
1,1.6115
2,0.79968
3,1.452432
4,0.746536
5,1.131992
6,0.502976
7,1.960864
8,1.60892
9,0.861504
10,0.610724
11,0.846464
12,1.396124
13,2.523948
14,1.715496
15,1.566964
16,0.897156
17,2.107716
18,1.823656
19,1.067396
20,1.1308
21,1.274912
22,1.574368
23,1.098768
24,1.765948
25,1.51862
26,1.385708
27,1.074636
28,1.293288
29,1.302488
30,1.34482
31,1.359808
32,1.380044
33,1.097008
34,1.198356
35,1.26482
36,1.22246
37,1.63686
38,1.220188
39,1.539564
40,2.284748
41,1.513348
42,1.52344
43,1.811212
44,2.421496
45,1.42988
46,1.38388
47,1.208528
48,1.978012
49,1.739872
50,2.321228
51,1.890976
52,2.0398
53,1.865588
54,1.422492
55,2.075948
56,1.614768
57,1.406488
58,1.826576
59,1.475076
60,2.383364
61,1.993936
62,2.4984
63,2.12748
64,2.260908
65,2.605564
66,2.882276
67,1.656068
68,2.273608
69,2.498916
70,1.923552
71,2.174448
72,1.43906
73,2.10944
74,1.719824
75,2.04794
76,2.13818
77,1.837524
78,2.680284
79,1.564936
80,2.223032
81,2.505992
82,2.061788
83,2.395756
84,2.208892
85,2.733732
86,2.845224
87,2.045172
88,2.670664
89,3.056748
90,1.030856
91,2.503744
92,1.142192
93,1.47876
94,0.936524
95,1.438036
96,1.32334
97,1.253028
98,1.840556
99,1.826824
100,2.148684
101,1.892948
102,3.132008
103,2.719372
104,2.14096
105,2.214076
106,3.669064
107,2.202236
108,1.754024
109,1.590848
110,2.771772
111,2.42712
112,0.347876
113,2.555224
114,2.344516
115,1.068656
116,0.565676
117,2.355464
118,2.190964
119,1.93274
120,3.0447
121,3.059184
122,1.987348
123,2.212364
124,2.988076
125,1.841316
126,1.979188
127,2.402596
128,1.611528
129,2.016252
130,3.203424
131,2.561604
132,1.7979
133,1.67464
134,2.338344
135,2.285988
136,3.3169
137,1.87738
138,2.188036
139,2.504036
140,1.932868
141,3.34668
142,2.88718
143,2.626952
144,1.03548
145,1.772932
146,0.716008
147,1.1106
148,2.179152
149,2.2263
150,2.12466
151,3.124064
152,1.825716
153,3.134772
154,2.6108
155,2.374792
156,2.174352
157,2.3363
158,5.364332
159,1.040404
160,3.203992
161,2.112508
162,3.74622
163,1.089388
164,2.652008
165,2.13626
166,3.962756
167,4.1056
168,1.99856
169,2.516816
170,2.388944
171,2.607196
172,3.550784
173,5.128256
174,6.426244
175,2.007352
176,3.153532
177,3.997496
178,5.254332
179,5.323632
180,3.534684
181,4.089344
182,3.259868
183,2.512028
184,5.704032
185,4.750828
186,6.739356
187,2.90564
188,2.459184
189,4.29914
190,5.588764
191,4.82388
192,2.937108
193,5.043084
194,2.997504
195,4.572296
196,2.010652
197,4.989164
198,5.112996
199,2.79194
200,4.749828
201,3.80124
202,2.40712
203,3.7006
204,5.124812
205,3.455652
206,3.845364
207,2.267028
208,5.589532
209,4.91046
210,5.645404
211,4.076304
212,2.948736
213,1.909668
214,6.406488
215,5.702036
216,4.72218
217,3.219432
218,2.554224
219,6.964032
220,1.519024
221,5.283716
222,1.783388
223,2.58184
224,2.124056
225,5.689132
226,3.180856
227,2.394516
228,4.672948
229,1.695508
230,4.969072
231,2.367672
232,2.603992
233,2.162756
234,4.124332
235,3.223832
236,5.31922
237,4.383132
238,2.164804
239,4.48618
240,5.069724
241,1.468636
242,5.22812
243,0.908152
244,3.126368
245,1.472904
246,4.970568
247,4.072408
248,1.717412
249,5.224696
250,2.56128
251,5.945636
252,2.447552
253,3.034528
254,5.818344
255,5.927232
256,4.317608
257,5.763784
258,5.328004
259,1.612152
260,1.30672
261,2.507964
262,6.039376
263,3.5335
264,30.470924
265,3.615476
266,4.900216
267,2.66712
268,2.873284
269,29.55928
270,2.786764
271,2.960912
272,3.917272
273,5.690524
274,4.96054
275,5.58194
276,7.299104
277,2.460464
278,2.5936
279,2.49266
280,4.33742
281,3.718996
282,4.61934
283,6.234744
284,35.139136
285,2.619416
286,1.959864
287,3.87492
288,27.65176
289,11.835576
290,2.230436
291,5.219928
292,7.255492
293,1.665656
294,0.53046
295,4.09152
296,3.208256
297,2.414836
298,2.676476
299,1.62096
300,5.302912
301,4.843012
302,3.723648
303,5.99928
304,6.687588
305,2.683316
306,5.514108
307,2.759748
308,4.84944
309,2.15492
310,4.91292
311,4.910596
312,5.499492
313,4.483704
314,2.898324
315,4.978388
316,2.21894
317,5.5772
318,3.113348
319,1.763576
320,3.74656
321,2.634072
322,5.476344
323,18.67738
324,1.2652
325,4.319444
326,31.582192
327,4.231304
328,4.08202
329,2.592076
330,2.54594
331,4.650648
332,1.165912
333,4.207652
334,25.411944
335,1.621812
336,1.711372
337,2.91662
338,1.31302
339,1.654812
340,4.341516
341,7.7627
342,5.185496
343,28.049908
344,5.948244
345,0.464032
346,2.020944
347,4.322584
348,4.986764
349,6.365952
350,17.307216
351,27.087916
352,3.16288
353,1.79872
354,0.494536
355,20.6805
356,3.012076
357,2.569308
358,17.385784
359,33.496456
360,34.955232
361,1.768004
362,6.760856
363,2.941996
364,4.145572
365,3.237796
366,4.687472
367,2.375308
368,5.186092
369,2.39012
370,5.500584
371,1.458536
372,2.21918
373,2.07656
374,1.845656
375,3.06636
376,2.77146
377,2.84218
378,4.022456
379,2.654304
380,29.614888
381,3.410032
382,4.306988
383,5.588824
384,2.587388
385,0.580504
386,2.472688
387,1.139268
388,0.471516
389,2.010352
390,4.33734
391,3.575896
392,1.44066
393,5.086024
394,0.774584
395,3.499716
396,3.214724
397,29.344148
398,5.603488
399,4.307796
400,5.304072
401,6.006744
402,12.541404
403,2.669716
404,3.45228
405,0.598348
406,1.971164
407,1.803128
408,2.557064
409,1.460952
410,5.153328
411,2.358896
412,2.623236
413,34.63898
414,4.441892
415,27.366664
416,1.893744
417,10.218924
418,2.577992
419,0.806456
420,3.006876
421,2.60488
422,19.723184
423,8.429328
424,2.068968
425,3.358716
426,2.959468
427,4.962028
428,4.542068
429,6.69266
430,5.229452
431,6.438172
432,2.578656
433,1.94486
434,1.773116
435,8.439472
436,10.6444
437,3.248224
438,7.399184
439,4.276456
440,7.426356
441,4.009812
442,4.220056
443,5.923124
444,7.355544
445,20.399256
446,2.602732
447,1.909884
448,3.7995
449,2.775368
450,2.698172
451,6.126968
452,33.972024
453,5.396616
454,28.455168
455,2.466372
456,11.519196
457,4.498992
458,2.778176
459,1.61538
460,3.556716
461,4.550588
462,1.9532
463,29.298808
464,4.764396
465,7.003816
466,3.915964
467,6.003716
468,38.194192
469,2.514656
470,3.505092
471,5.262768
472,2.525004
473,2.467608
474,3.165712
475,1.968916
476,4.972732
477,2.191612
478,2.114304
479,4.85826
480,2.568348
481,3.350288
482,2.014056
483,27.712548
484,27.487648
485,4.394076
486,14.61986
487,41.799296
488,3.21434
489,2.332324
490,3.115508
491,2.115232
492,2.719536
493,14.984292
494,2.568144
495,6.541832
496,4.175688
497,2.778172
498,2.195756
499,5.804548
500,45.932352
501,5.76166
502,1.603584
503,5.285984
504,1.782816
505,2.623752
506,1.370564
507,2.23128
508,3.17256
509,3.1653
510,37.35148
511,5.71276
512,36.445576
513,12.183964
514,7.97216
515,26.49956
516,1.838492
517,5.221068
518,1.673412
519,27.3045
520,18.543276
521,26.801824
522,32.491224
523,4.734392
524,51.441064
525,3.741784
526,0.86862
527,17.076504
528,4.7595
529,3.1428
530,37.66688
531,24.846352
532,3.430068
533,2.342456
534,5.053424
535,3.561808
536,37.634244
537,1.659976
538,4.729348
539,36.97246
540,3.081176
541,1.443228
542,26.917788
543,8.296292
544,24.144748
545,1.863832
546,4.040968
547,12.16642
548,11.110652
549,4.221748
550,37.866128
551,2.89244
552,9.563644
553,22.45314
554,1.805396
555,6.794436
556,5.420236
557,1.074228
558,0.95624
559,3.416696
560,17.310172
561,2.69228
562,4.897976
563,6.015292
564,6.8329
565,13.495276
566,2.989508
567,4.0205
568,45.324668
569,32.63256
570,5.024508
571,5.453932
572,0.955952
573,20.797688
574,2.836792
575,2.641072
576,1.853384
577,37.73688
578,2.057692
579,24.094644
580,2.109976
581,31.098468
582,12.547912
583,2.280492
584,35.853516
585,8.15826
586,1.935132
587,2.444292
588,18.367944
589,6.002672
590,1.953692
591,1.60042
592,11.42314
593,2.514712
594,3.105144
595,3.066472
596,8.013028
597,1.684496
598,2.873288
599,8.27592
600,3.226212
601,2.708456
602,1.44596
603,3.676988
604,4.402604
605,1.884652
606,2.806468
607,1.922784
608,3.640248
609,2.12492
610,34.565668
611,4.685328
612,2.442704
613,1.624232
614,1.188128
615,3.8237
616,2.039716
617,1.917496
618,1.013604
619,2.248864
620,1.892064
621,15.475224
622,5.537628
623,31.681536
624,2.657944
625,2.324592
626,2.72918
627,3.226036
628,3.33602
629,2.033256
630,2.635096
631,3.383684
632,24.24236
633,4.266432
634,6.010324
635,4.787424
636,2.202088
637,2.783104
638,4.31552
639,2.233144
640,2.01242
641,7.529036
642,2.8296
643,3.249768
644,3.587032
645,2.214056
646,3.605028
647,2.896724
648,2.099132
649,33.843472
650,3.545184
651,1.03654
652,17.301772
653,2.327332
654,4.175856
655,1.683748
656,4.472424
657,3.991576
658,30.998888
659,15.156828
660,3.96962
661,0.718684
662,4.113192
663,3.998744
664,2.526372
665,2.407288
666,1.9071
667,2.133824
668,47.2605
669,6.621596
670,2.285212
671,2.462172
672,10.787872
673,1.94962
674,2.123172
675,2.296556
676,3.711852
677,1.54614
678,1.981392
679,3.274728
680,3.807604
681,3.472336
682,3.438656
683,23.179456
684,29.343736
685,2.120844
686,3.621864
687,2.001292
688,3.003752
689,4.21218
690,6.512908
691,3.328152
692,3.830228
693,4.019048
694,3.529848
695,1.149248
696,2.540636
697,39.79468
698,4.930772
699,3.98032
700,4.432696
701,2.507432
702,2.467924
703,1.421876
704,2.213512
705,4.663596
706,3.899752
707,2.250312
708,2.955092
709,6.927536
710,2.399196
711,4.8792
712,6.278096
713,27.981416
714,17.253512
715,2.340248
716,5.421436
717,3.606408
718,2.022444
719,2.049332
720,2.085336
721,2.824816
722,2.39338
723,3.435072
724,7.767736
725,2.636996
726,22.649224
727,1.556516
728,3.772444
729,4.447816
730,1.81196
731,3.8059
732,3.800484
733,2.11578
734,4.427728
735,24.447364
736,4.585836
737,2.354572
738,3.768788
739,1.889724
740,7.762032
741,2.697324
742,2.906232
743,3.2961
744,2.2488
745,3.066912
746,1.97704
747,25.971644
748,3.04154
749,1.30142
750,4.316724
751,3.829704
752,1.974696
753,2.393168
754,7.063748
755,2.583388
756,8.997448
757,2.71752
758,3.269716
759,1.03514
760,21.065836
761,2.778028
762,1.155092
763,11.863788
764,6.892008
765,1.626116
766,6.779232
767,8.481104
768,5.392668
769,8.132396
770,2.481504
771,5.631412
772,3.894652
773,3.730764
774,3.494644
775,2.76606
776,2.797796
777,4.095132
778,4.24122
779,3.736736
780,4.886852
781,2.35282
782,2.671288
783,18.628476
784,5.093888
785,3.463292
786,6.340552
787,4.827908
788,3.13842
789,2.217848
790,4.60278
791,5.122008
792,4.0127
793,6.08988
794,5.062308
795,2.376868
796,15.750272
797,2.271928
798,3.206304
799,2.682176
800,5.405904
801,41.900132
802,3.409296
803,1.750524
804,4.672888
805,2.022492
806,3.265104
807,1.365064
808,4.2706
809,9.947544
810,7.628568
811,3.513136
812,3.306348
813,4.954184
814,2.594312
815,3.631592
816,6.227896
817,17.123448
818,1.675484
819,2.536008
820,4.19892
821,1.68224
822,5.747628
823,2.518944
824,7.093532
825,2.050504
826,25.49282
827,3.15224
828,1.342488
829,1.687956
830,4.915404
831,5.565832
832,1.441872
833,1.354464
834,1.789484
835,2.046016
836,0.669572
837,5.74
838,3.261072
839,2.88316
840,4.459116
841,2.590196
842,2.111912
843,3.055116
844,1.536068
845,3.395196
846,4.18642
847,21.532256
848,4.601184
849,17.855188
850,0.831156
851,33.617988
852,5.594444
853,33.757872
854,5.141616
855,6.440064
856,1.12344
857,2.114844
858,1.425984
859,2.510056
860,2.046176
861,2.52148
862,1.597628
863,1.27606
864,2.624028
865,6.294404
866,28.71716
867,12.652824
868,3.226956
869,1.595364
870,2.741212
871,3.47734
872,3.573288
873,2.630584
874,2.340316
875,1.421348
876,11.817164
877,6.133784
878,1.949328
879,11.397416
880,2.456228
881,22.4041
882,3.151056
883,8.508456
884,1.0749
885,1.999348
886,3.106492
887,3.425348
888,3.809916
889,4.338732
890,23.04738
891,2.619688
892,4.381048
893,3.29772
894,5.266152
895,2.851036
896,2.305388
897,9.923324
898,2.44968
899,2.564088
900,4.505392
901,22.650044
902,27.935564
903,1.71746
904,4.7754
905,2.856004
906,2.165656
907,15.87666
908,3.484804
909,3.119012
910,2.759176
911,21.737776
912,16.367448
913,4.394544
914,4.795204
915,9.784948
916,2.601832
917,4.29376
918,2.761224
919,2.425272
920,41.234112
921,36.766288
922,2.572672
923,31.839564
924,1.4641
925,2.5091
926,21.99312
927,1.609332
928,2.823104
929,0.882152
930,0.939168
931,35.391932
932,4.547856
933,1.527424
934,4.304448
935,5.44446
936,39.198288
937,2.615424
938,3.464812
939,1.805644
940,10.33512
941,36.01476
942,8.638024
943,22.908992
944,2.069936
945,26.597204
946,2.337716
947,6.542244
948,1.468152
949,3.22972
950,6.55744
951,12.187336
952,7.155932
953,3.048
954,1.443348
955,21.812148
956,2.458164
957,18.444616
958,7.30344
959,3.116756
960,5.746312
961,3.023376
962,13.699568
963,3.455024
964,4.008164
965,2.443908
966,33.007992
967,2.762528
968,5.808204
969,5.94954
970,19.734052
971,2.790368
972,23.462436
973,41.813232
974,9.684888
975,13.867008
976,3.981484
977,1.808284
978,5.956592
979,4.059504
980,25.958468
981,3.41724
982,26.727372
983,2.30892
984,1.292268
985,4.861988
986,62.479752
987,11.62474
988,13.334624
989,15.791824
990,15.528128
991,2.510224
992,1.191872
993,32.001048
994,2.326688
995,28.475664
996,1.315856
997,53.251516
998,20.869656
999,2.150256
1000,2.543824
1001,6.32174
1002,5.072844
1003,4.33918
1004,8.671096
1005,1.31768
1006,2.492152
1007,2.709664
1008,28.923352
1009,7.712296
1010,1.335588
1011,1.377508
1012,3.633784
1013,1.41966
1014,10.115772
1015,25.282312
1016,42.081164
1017,2.242228
1018,1.484552
1019,67.945284
1020,4.134056
1021,16.121056
1022,25.400028
1023,17.510364
1024,1.2864
1025,2.030508
1026,2.40054
1027,48.696984
1028,2.409476
1029,2.710636
1030,18.826308
1031,1.968488
1032,24.734412
1033,0.7933
1034,4.924244
1035,2.605984
1036,3.615752
1037,1.2845
1038,14.14488
1039,2.67516
1040,12.929984
1041,2.84272
1042,2.776152
1043,4.341096
1044,4.218444
1045,2.515908
1046,2.81728
1047,3.205052
1048,38.06362
1049,4.38102
1050,23.180504
1051,19.553808
1052,41.541736
1053,0.966084
1054,20.852308
1055,3.213176
1056,4.814888
1057,3.665192
1058,5.992176
1059,5.938344
1060,34.632664
1061,3.113904
1062,3.078256
1063,2.53914
1064,5.951372
1065,2.659456
1066,1.641584
1067,15.673048
1068,12.884492
1069,5.81916
1070,3.712964
1071,31.975128
1072,3.382296
1073,2.989492
1074,1.413328
1075,0.925932
1076,2.20982
1077,1.483988
1078,3.199576
1079,5.847024
1080,5.443768
1081,1.431312
1082,32.7856
1083,1.381236
1084,3.39618
1085,6.082848
1086,4.649692
1087,3.817324
1088,3.300752
1089,4.109408
1090,31.790228
1091,3.937288
1092,4.150924
1093,3.078844
1094,1.821272
1095,42.545208
1096,6.162944
1097,44.123068
1098,24.272612
1099,5.055636
1100,3.802156
1101,2.75578
1102,1.874608
1103,27.878532
1104,2.537184
1105,4.370412
1106,2.58368
1107,14.168004
1108,31.266924
1109,34.782612
1110,0.866664
1111,1.76724
1112,36.413184
1113,10.837184
1114,4.524732
1115,3.698284
1116,11.501452
1117,4.483384
1118,3.106116
1119,4.48332
1120,1.353768
1121,2.735148
1122,27.888236
1123,9.461236
1124,0.91702
1125,30.176584
1126,4.032904
1127,1.283684
1128,3.585568
1129,1.821544
1130,2.446384
1131,27.05176
1132,1.8648
1133,5.034708
1134,2.814028
1135,2.853848
1136,5.36294
1137,2.2596
1138,1.889392
1139,1.379164
1140,2.14444
1141,56.022976
1142,0.924324
1143,42.293008
1144,2.195348
1145,5.003068
1146,5.300668
1147,47.822232
1148,1.984692
1149,2.114512
1150,2.128224
1151,23.167944
1152,1.02412
1153,1.575156
1154,1.236904
1155,16.534744
1156,22.751256
1157,52.953768
1158,3.533636
1159,2.64748
1160,3.252292
1161,15.591932
1162,2.615896
1163,3.202416
1164,12.673036
1165,4.651292
1166,35.632436
1167,3.297488
1168,2.857432
1169,28.66538
1170,14.116436
1171,1.717932
1172,3.8198
1173,44.014284
1174,0.677392
1175,7.018356
1176,4.687524
1177,26.37582
1178,23.724696
1179,23.144896
1180,5.743388
1181,4.190024
1182,9.877696
1183,13.481228
1184,4.589596
1185,57.28538
1186,19.201456
1187,2.825436
1188,37.643992
1189,2.645208
1190,3.782544
1191,1.294904
1192,3.072124
1193,2.808992
1194,1.40886
1195,2.78022
1196,12.42856
1197,4.513328
1198,2.68882
1199,8.547708
1200,4.069132
1201,47.179288
1202,1.484784
1203,4.641624
1204,1.776784
1205,5.647872
1206,2.462524
1207,36.782904
1208,1.293196
1209,3.86398
1210,2.13484
1211,2.504296
1212,29.536308
1213,3.396804
1214,4.23534
1215,18.785568
1216,0.720696
1217,6.426652
1218,1.758516
1219,1.02158
1220,28.21706
1221,3.741604
1222,44.098492
1223,2.774832
1224,21.126324
1225,31.851344
1226,23.218492
1227,3.146056
1228,13.743752
1229,39.937564
1230,9.848256
1231,38.222712
1232,34.79016
1233,28.976832
1234,47.143952
1235,4.816032
1236,45.485656
1237,5.855968
1238,35.728624
1239,35.25688
1240,32.420984
1241,2.624896
1242,41.372196
1243,1.78632
1244,41.40906
1245,1.199632
1246,1.144616
1247,3.07746
1248,40.471608
1249,3.20014
1250,3.0974
1251,1.076376
1252,41.699384
1253,42.03058
1254,1.147432
1255,1.824936
1256,37.232352
1257,0.81598
1258,3.58058
1259,44.027528
1260,33.42782
1261,1.488156
1262,59.782104
1263,5.057112
1264,3.243968
1265,2.796216
1266,0.937736
1267,3.916988
1268,3.94562
1269,24.155944
1270,6.802028
1271,55.843396
1272,56.937568
1273,18.357192
1274,22.401724
1275,47.248356
1276,28.565772
1277,1.871004
1278,4.647252
1279,3.69526
1280,28.621684
1281,52.601488
1282,2.0293
1283,27.34914
1284,36.636756
1285,4.805212
1286,2.732652
1287,27.890556
1288,9.507272
1289,53.988608
1290,5.8784
1291,16.972752
1292,36.612928
1293,25.807784
1294,1.804704
1295,40.784868
1296,1.637536
1297,26.134368
1298,7.106376
1299,21.91996
1300,41.896976
1301,47.505636
1302,2.629044
1303,23.146124
1304,5.489948
1305,32.88642
1306,33.141928
1307,28.51448
1308,2.530488
1309,44.523068
1310,2.673484
1311,1.983572
1312,19.604984
1313,2.3069
1314,4.205504
1315,9.791624
1316,27.504808
1317,9.928916
1318,4.859172
1319,52.09632
1320,26.728928
1321,17.964404
1322,45.587684
1323,42.392744
1324,1.490648
1325,9.527336
1326,16.902144
1327,3.263044
1328,0.911004
1329,25.20814
1330,0.938372
1331,29.084152
1332,25.950016
1333,40.294396
1334,1.551692
1335,6.972484
1336,3.39092
1337,28.060088
1338,41.544032
1339,16.018436
1340,26.992564
1341,32.013252
1342,2.948752
1343,4.449832
1344,24.183932
1345,31.61536
1346,42.938672
1347,1.379836
1348,20.796372
1349,40.580612
1350,4.549604
1351,33.005984
1352,5.0043
1353,29.820996
1354,19.374292
1355,18.25754
1356,18.956908
1357,14.536364
1358,31.386292
1359,2.16988
1360,19.255756
1361,19.503956
1362,2.471008
1363,44.997168
1364,27.075104
1365,23.490196
1366,24.61428
1367,20.647772
1368,42.29106
1369,40.742304
1370,27.045232
1371,3.370176
1372,2.732432
1373,42.637296
1374,11.885648
1375,19.215096
1376,36.562292
1377,20.826124
1378,26.895032
1379,29.957684
1380,45.119228
1381,0.85612
1382,5.923692
1383,18.195648
1384,8.960576
1385,19.846856
1386,43.082792
1387,11.878056
1388,17.53412
1389,16.775088
1390,17.781412
1391,16.85344
1392,33.909456
1393,18.114116
1394,30.171028
1395,1.954932
1396,23.009752
1397,4.624712
1398,14.090436
1399,26.560736
1400,15.0828
1401,21.529924
1402,19.494984
1403,3.828588
1404,7.209832
1405,16.114536
1406,20.545656
1407,19.308436
1408,18.448048
1409,1.251608
1410,0.977252
1411,3.412836
1412,6.682204
1413,11.856984
1414,42.281072
1415,12.112508
1416,23.046136
1417,14.726912
1418,45.091776
1419,22.455012
1420,12.875292
1421,3.25806
1422,19.952208
1423,21.448792
1424,42.208072
1425,56.650952
1426,12.306736
1427,19.779648
1428,49.974328
1429,1.922256
1430,1.280704
1431,60.925344
1432,11.882932
1433,10.415768
1434,21.874636
1435,31.140056
1436,3.107496
1437,0.96596
1438,4.074444
1439,4.677932
1440,25.36502
1441,58.609712
1442,3.682708
1443,18.204092
1444,26.583912
1445,15.98512
1446,3.143792
1447,7.443052
1448,23.70448
1449,15.914228
1450,1.22028
1451,4.386844
1452,1.275328
1453,42.867676
1454,26.970736
1455,121.965744
1456,23.214952
1457,49.225048
1458,6.342864
1459,21.212992
1460,20.615008
1461,25.494612
1462,47.150064
1463,71.67322
1464,2.670748
1465,27.340868
1466,37.926248
1467,16.664184
1468,14.74166
1469,6.3396
1470,3.207556
1471,3.587464
1472,14.814968
1473,16.423712
1474,33.711216
1475,32.285672
1476,37.4973
1477,18.789872
1478,1.036692
1479,1.060572
1480,39.757548
1481,45.248936
1482,4.720368
1483,2.972572
1484,20.570316
1485,1.732332
1486,13.998288
1487,15.277336
1488,70.490068
1489,21.618164
1490,35.764612
1491,20.3932
1492,23.385656
1493,41.500372
1494,33.511908
1495,23.624716
1496,36.743536
1497,4.287092
1498,2.44208
1499,19.91924
1500,3.256984
1501,25.483412
1502,21.062804
1503,19.351888
1504,57.811016
1505,3.175236
1506,32.708012
1507,25.719492
1508,22.330088
1509,43.49272
1510,34.813548
1511,69.342888
1512,2.075172
1513,19.090184
1514,25.917652
1515,4.885424
1516,21.326012
1517,11.273192
1518,32.148188
1519,33.326004
1520,67.515524
1521,7.078976
1522,65.425156
1523,37.68078
1524,28.07582
1525,13.10206
1526,30.954072
1527,3.324088
1528,5.36908
1529,28.92994
1530,14.458336
1531,1.556196
1532,19.311356
1533,31.363964
1534,14.828772
1535,30.249044
1536,19.467004
1537,45.505752
1538,2.185996
1539,2.276888
1540,2.893296
1541,27.298532
1542,1.999408
1543,12.581736
1544,17.187648
1545,51.592064
1546,4.609516
1547,7.313552
1548,34.938276
1549,71.560164
1550,1.671316
1551,3.844948
1552,5.840604
1553,11.010512
1554,33.46126
1555,43.522888
1556,21.344932
1557,48.77396
1558,3.572468
1559,33.338852
1560,5.105892
1561,21.752472
1562,31.980524
1563,12.756772
1564,7.0913
1565,30.713156
1566,36.057452
1567,4.620468
1568,16.375384
1569,20.50082
1570,21.618304
1571,19.021224
1572,32.60378
1573,15.694828
1574,17.6946
1575,26.731056
1576,60.559924
1577,18.935744
1578,32.63146
1579,22.53148
1580,3.685384
1581,9.781392
1582,3.704
1583,48.402368
1584,8.947332
1585,3.341484
1586,4.005392
1587,5.18678
1588,22.554004
1589,29.120916
1590,11.947616
1591,2.249188
1592,10.624888
1593,9.19206
1594,8.94334
1595,2.679648
1596,4.239248
1597,4.15882
1598,1.3503
1599,36.07678
1600,2.079844
1601,18.133044
1602,1.678104
1603,1.676392
1604,1.93014
1605,3.391344
1606,49.257156
1607,13.558812
1608,25.660888
1609,24.485128
1610,4.376296
1611,6.416236
1612,18.779968
1613,2.082488
1614,32.888108
1615,1.977504
1616,11.128244
1617,1.910696
1618,43.791936
1619,14.729652
1620,4.36556
1621,21.642972
1622,20.834536
1623,23.785204
1624,10.662652
1625,21.859416
1626,2.42122
1627,18.390832
1628,10.7738
1629,46.248872
1630,2.06232
1631,2.589036
1632,20.66286
1633,5.345048
1634,3.561032
1635,3.163832
1636,23.077924
1637,0.497936
1638,43.107432
1639,2.982628
1640,2.63126
1641,2.850916
1642,60.219568
1643,13.760196
1644,15.797328
1645,2.467332
1646,3.910508
1647,17.33178
1648,55.447784
1649,1.821916
1650,26.829068
1651,4.811152
1652,3.476564
1653,27.6023
1654,14.160224
1655,4.525916
1656,4.965716
1657,2.642428
1658,11.615116
1659,17.424764
1660,1.885304
1661,18.693932
1662,1.680548
1663,22.85066
1664,2.897832
1665,75.597108
1666,0.89452
1667,55.4206
1668,13.344452
1669,1.464888
1670,49.86634
1671,28.342056
1672,3.060248
1673,37.79412
1674,41.18498
1675,33.65092
1676,19.326636
1677,3.783824
1678,3.148156
1679,100.830816
1680,7.05204
1681,18.143096
1682,16.32252
1683,3.233524
1684,5.054752
1685,42.774444
1686,124.00846
1687,31.401952
1688,3.610852
1689,98.479032
1690,51.221008
1691,3.321328
1692,42.772644
1693,90.126224
1694,48.984476
1695,2.247696
1696,2.313372
1697,20.415004
1698,3.051196
1699,3.350464
1700,66.517412
1701,64.346352
1702,5.229984
1703,39.264612
1704,47.754788
1705,2.745648
1706,0.967716
1707,3.319112
1708,3.780816
1709,2.60864
1710,7.787112
1711,90.956828
1712,3.664008
1713,27.376212
1714,88.194968
1715,2.299068
1716,2.003688
1717,29.899752
1718,16.164784
1719,43.798824
1720,2.584268
1721,2.58538
1722,4.001496
1723,3.286144
1724,4.142144
1725,2.21658
1726,10.873756
1727,62.980568
1728,29.810896
1729,65.80152
1730,1.394332
1731,14.975908
1732,8.479164
1733,44.883992
1734,28.401412
1735,8.604332
1736,13.155264
1737,7.80322
1738,2.431024
1739,35.533432
1740,1.796268
1741,4.341172
1742,4.12482
1743,2.761492
1744,44.725608
1745,16.211656
1746,5.616576
1747,0.819656
1748,3.628968
1749,40.23218
1750,2.532912
1751,60.01144
1752,16.3044
1753,25.913136
1754,80.784676
1755,3.724444
1756,33.651512
1757,32.427592
1758,35.902888
1759,4.252152
1760,5.844036
1761,58.58644
1762,1.00684
1763,2.26942
1764,13.964096
1765,18.082416
1766,95.349404
1767,11.208308
1768,1.95284
1769,54.317076
1770,0.847416
1771,35.324696
1772,40.778048
1773,2.325584
1774,3.225852
1775,22.034564
1776,19.646256
1777,2.305504
1778,7.516716
1779,76.992492
1780,27.396528
1781,17.999964
1782,28.839832
1783,37.537332
1784,2.444644
1785,63.333992
1786,23.768088
1787,1.596908
1788,3.159984
1789,17.265136
1790,3.437868
1791,47.63406
1792,11.325772
1793,2.039244
1794,2.7841
1795,46.716488
1796,23.668132
1797,57.813728
1798,2.60284
1799,4.022128
1800,2.91878
1801,52.345276
1802,13.638596
1803,3.775844
1804,3.259528
1805,14.089276
1806,45.502496
1807,18.402516
1808,6.36684
1809,4.15314
1810,2.66138
1811,0.72202
1812,2.565144
1813,0.788132
1814,5.762524
1815,49.120488
1816,42.579244
1817,3.036256
1818,62.70746
1819,2.802724
1820,0.92114
1821,4.53938
1822,2.663504
1823,23.1446
1824,2.677948
1825,46.100288
1826,39.951356
1827,2.588592
1828,4.48538
1829,2.132608
1830,28.455752
1831,4.043784
1832,40.986844
1833,29.899488
1834,48.634016
1835,28.558048
1836,17.715556
1837,56.211448
1838,50.872244
1839,3.177732
1840,15.269864
1841,1.801088
1842,2.037164
1843,82.84886
1844,46.82678
1845,17.66068
1846,17.29258
1847,51.140924
1848,24.607268
1849,26.208508
1850,91.351944
1851,2.460772
1852,8.996116
1853,63.973576
1854,26.94654
1855,12.094744
1856,62.325876
1857,2.73636
1858,18.996972
1859,107.989708
1860,1.01482
1861,0.8829
1862,21.204456
1863,56.510472
1864,9.080428
1865,56.361096
1866,12.411656
1867,2.832944
1868,89.04136
1869,0.954592
1870,1.377732
1871,2.717708
1872,39.905672
1873,84.0536
1874,49.88352
1875,3.498508
1876,8.200208
1877,17.558268
1878,83.626416
1879,42.196896
1880,2.306328
1881,98.459216
1882,42.273976
1883,47.60562
1884,82.55886
1885,15.029048
1886,32.772872
1887,3.015512
1888,60.302048
1889,7.357904
1890,65.970072
1891,58.055388
1892,2.489756
1893,74.927224
1894,3.766204
1895,11.398464
1896,10.857716
1897,2.893244
1898,19.535156
1899,4.558728
1900,0.896604
1901,112.063924
1902,2.330216
1903,31.15966
1904,18.390468
1905,2.985904
1906,1.542128
1907,16.166548
1908,59.201924
1909,3.397684
1910,8.991368
1911,5.801368
1912,2.508916
1913,55.35958
1914,3.222536
1915,2.449056
1916,87.2637
1917,4.085976
1918,54.772628
1919,65.535224
1920,40.578964
1921,4.533252
1922,4.032656
1923,76.399056
1924,15.218692
1925,3.339936
1926,2.527012
1927,61.036096
1928,2.712144
1929,27.72734
1930,55.056336
1931,3.851724
1932,4.976004
1933,48.865928
1934,48.126296
1935,2.692248
1936,24.676464
1937,2.18072
1938,71.033056
1939,19.771628
1940,1.690552
1941,28.064364
1942,65.17818
1943,0.37032
1944,6.515276
1945,69.118512
1946,24.440404
1947,81.591448
1948,23.522188
1949,69.011248
1950,6.08076
1951,70.34192
1952,2.471884
1953,6.579612
1954,4.275608
1955,34.883876
1956,13.731748
1957,13.299248
1958,6.444576
1959,2.233328
1960,49.747884
1961,3.029648
1962,7.427172
1963,13.152168
1964,19.196156
1965,15.833904
1966,3.10318
1967,56.6113
1968,102.232116
1969,3.506028
1970,62.746144
1971,0.819816
1972,21.163452
1973,19.862384
1974,3.800156
1975,23.587884
1976,24.507628
1977,15.348764
1978,14.043404
1979,84.626836
1980,13.721336
1981,56.490728
1982,29.284916
1983,2.55938
1984,113.68948
1985,1.567348
1986,81.048004
1987,3.666968
1988,68.30982
1989,19.60822
1990,105.691224
1991,3.009792
1992,3.842276
1993,13.305088
1994,10.643756
1995,50.242276
1996,49.40936
1997,13.286512
1998,14.289944
1999,22.70926
2000,26.617748
2001,2.864944
2002,6.016164
2003,0.785672
2004,107.86994
2005,8.682504
2006,1.610728
2007,108.409556
2008,97.877084
2009,5.609892
2010,0.979176
2011,4.128692
2012,59.830392
2013,47.70422
2014,55.135968
2015,31.4093
2016,3.165052
2017,56.28706
2018,1.722596
2019,16.23406
2020,45.715988
2021,31.197084
2022,18.768724
2023,2.597948
2024,6.313536
2025,0.896148
2026,3.456532
2027,7.297044
2028,2.05248
2029,71.026672
2030,1.758488
2031,0.619568
2032,9.12448
2033,72.596976
2034,19.929112
2035,3.929292
2036,2.885148
2037,126.988604
2038,29.899264
2039,92.68832
2040,37.95384
2041,96.666756
2042,2.733128
2043,60.682216
2044,7.91466
2045,65.993024
2046,69.702704
2047,44.185084
2048,1.501308
2049,3.956892
2050,7.346036
2051,0.857508
2052,2.746404
2053,140.540068
2054,7.490684
2055,17.184968
2056,80.618856
2057,61.179924
2058,0.73526
2059,1.147616
2060,31.782212
2061,1.863772
2062,0.701368
2063,120.624052
2064,9.130688
2065,10.123332
2066,14.455808
2067,10.528296
2068,5.79354
2069,27.94678
2070,1.642168
2071,61.240208
2072,4.307312
2073,4.918552
2074,55.95982
2075,2.133264
2076,91.388248
2077,64.571472
2078,114.445124
2079,154.660052
2080,13.936672
2081,10.08582
2082,109.381064
2083,10.516104
2084,34.862248
2085,0.74742
2086,14.965944
2087,3.554456
2088,2.754456
2089,2.42152
2090,0.9164
2091,17.667092
2092,86.144528
2093,17.737344
2094,13.169028
2095,28.019444
2096,21.856888
2097,20.557244
2098,2.7106
2099,19.3693
2100,51.07216
2101,68.822292
2102,18.135868
2103,40.250664
2104,0.779808
2105,5.694392
2106,5.28516
2107,31.811812
2108,1.928596
2109,3.893068
2110,59.26216
2111,41.145192
2112,12.670016
2113,5.839128
2114,1.921852
2115,2.766312
2116,41.336048
2117,12.524784
2118,18.91336
2119,2.4282
2120,3.109256
2121,1.507432
2122,0.979168
2123,9.681608
2124,2.401328
2125,62.940056
2126,53.681872
2127,61.348204
2128,54.289784
2129,132.358824
2130,10.18762
2131,152.334084
2132,54.096132
2133,24.495252
2134,64.554648
2135,8.4042
2136,40.075644
2137,36.835024
2138,19.468356
2139,132.587784
2140,18.603328
2141,1.88228
2142,46.25736
2143,22.156916
2144,20.508064
2145,1.686236
2146,123.326064
2147,63.187584
2148,61.719568
2149,1.871792
2150,16.424844
2151,3.140316
2152,0.803568
2153,14.707136
2154,4.323164
2155,50.1264
2156,2.711416
2157,15.781832
2158,55.942008
2159,124.919992
2160,54.159696
2161,26.511376
2162,6.67824
2163,3.803556
2164,11.28784
2165,11.73332
2166,64.846812
2167,11.563308
2168,1.492552
2169,2.06126
2170,56.270904
2171,2.10908
2172,10.034804
2173,4.433516
2174,1.531756
2175,60.526864
2176,6.482752
2177,2.392108
2178,74.220752
2179,3.72528
2180,27.60788
2181,1.540592
2182,18.073936
2183,112.629696
2184,18.564708
2185,14.023276
2186,2.942232
2187,6.829428
2188,11.25248
2189,3.517392
2190,5.271052
2191,52.591228
2192,66.480392
2193,33.482048
2194,5.571208
2195,26.776832
2196,22.442052
2197,0.791624
2198,20.37438
2199,14.666076
2200,23.04476
2201,5.493504
2202,10.255176
2203,72.966612
2204,16.46894
2205,1.848012
2206,6.261068
2207,53.796564
2208,22.056304
2209,17.124388
2210,49.578448
2211,12.171704
2212,7.02332
2213,1.556904
2214,10.373608
2215,26.735256
2216,72.320712
2217,47.258388
2218,9.96856
2219,1.669552
2220,2.692972
2221,25.7534
2222,2.31232
2223,16.534128
2224,13.459472
2225,21.341552
2226,3.111336
2227,35.639556
2228,1.455344
2229,38.202032
2230,62.436752
2231,44.158516
2232,1.9472
2233,37.545104
2234,14.6791
2235,27.933896
2236,1.070612
2237,23.023556
2238,15.684012
2239,1.865444
2240,1.441356
2241,12.970268
2242,12.069844
2243,0.985208
2244,16.40724
2245,1.150596
2246,29.743192
2247,0.589236
2248,28.911408
2249,11.097528
2250,24.732672
2251,11.976416
2252,16.484228
2253,51.555848
2254,31.17992
2255,31.33206
2256,0.595116
2257,14.37754
2258,31.9354
2259,40.56192
2260,1.01896
2261,13.464612
2262,26.205304
2263,0.881944
2264,55.343412
2265,11.23294
2266,32.59548
2267,7.197828
2268,26.603556
2269,2.716564
2270,21.442672
2271,15.403344
2272,1.215528
2273,24.853924
2274,34.199708
2275,13.096636
2276,28.638756
2277,65.580944
2278,38.160092
2279,13.25192
2280,2.206048
2281,13.00836
2282,21.184992
2283,38.44406
2284,16.744108
2285,35.299496
2286,7.785408
2287,43.286068
2288,4.494652
2289,26.1279
2290,9.83008
2291,21.854344
2292,7.825448
2293,42.556732
2294,59.173856
2295,54.790156
2296,18.821472
2297,37.193588
2298,2.416596
2299,60.813676
2300,93.591376
2301,0.71374
2302,11.156624
2303,0.731408
2304,39.553844
2305,10.360324
2306,0.766368
2307,34.136432
2308,0.854752
2309,40.433736
2310,30.951432
2311,3.169912
2312,18.904784
2313,53.295092
2314,2.578384
2315,4.704012
2316,14.547756
2317,1.72266
2318,56.890564
2319,45.475236
2320,27.49846
2321,41.67466
2322,41.249232
2323,0.599156
2324,27.14486
2325,64.28594
2326,63.95054
2327,77.969464
2328,3.059324
2329,45.647908
2330,42.53638
2331,34.9534
2332,16.134504
2333,45.844196
2334,49.716672
2335,9.939236
2336,48.078004
2337,28.910752
2338,59.887604
2339,3.978852
2340,63.41554
2341,2.779996
2342,5.47988
2343,37.185808
2344,24.500692
2345,50.927984
2346,1.758728
2347,6.070132
2348,36.054472
2349,3.526028
2350,14.839624
2351,7.201156
2352,22.2918
2353,5.955516
2354,20.597808
2355,2.072616
2356,49.21096
2357,77.914448
2358,2.15094
2359,7.10538
2360,93.957024
2361,4.52554
2362,0.852008
2363,8.630676
2364,31.761912
2365,14.943828
2366,5.029488
2367,10.406832
2368,88.751236
2369,106.91014
2370,6.10698
2371,2.708416
2372,58.233844
2373,33.94294
2374,48.690332
2375,99.863864
2376,6.78228
2377,28.655692
2378,3.57172
2379,4.692076
2380,36.482228
2381,37.851588
2382,8.467216
2383,1.385464
2384,3.065132
2385,38.224656
2386,60.462864
2387,16.33884
2388,44.518256
2389,25.547836
2390,10.85442
2391,11.434836
2392,4.23662
2393,30.86682
2394,32.082968
2395,0.837172
2396,2.76888
2397,41.690344
2398,34.326256
2399,39.19534
2400,16.080168
2401,54.87216
2402,51.415548
2403,20.279528
2404,93.04378
2405,39.124232
2406,42.29772
2407,21.046904
2408,12.047912
2409,15.970452
2410,24.428152
2411,0.550836
2412,115.091764
2413,8.05914
2414,10.834864
2415,2.408968
2416,18.702644
2417,11.626948
2418,0.779672
2419,51.573704
2420,3.447328
2421,2.36674
2422,10.071576
2423,82.688588
2424,7.166644
2425,45.562024
2426,58.23714
2427,17.473804
2428,44.361248
2429,3.209456
2430,32.881516
2431,8.634764
2432,1.866532
2433,48.415728
2434,4.178748
2435,78.442824
2436,13.701808
2437,22.07284
2438,8.143228
2439,32.293352
2440,29.692036
2441,36.375344
2442,49.566708
2443,5.515884
2444,34.739188
2445,5.082448
2446,15.458308
2447,40.731732
2448,14.657652
2449,17.296748
2450,50.817084
2451,36.930328
2452,26.04656
2453,2.897464
2454,3.395564
2455,23.870512
2456,3.4113
2457,5.304456
2458,4.930336
2459,46.7954
2460,22.855368
2461,10.842992
2462,5.911744
2463,20.2001
2464,32.497404
2465,4.027972
2466,26.300052
2467,2.47584
2468,45.462076
2469,43.655024
2470,39.303948
2471,20.667688
2472,35.852548
2473,1.316628
2474,1.700228
2475,41.268104
2476,4.582816
2477,40.5825
2478,21.7907
2479,4.28886
2480,27.020388
2481,4.049408
2482,43.0607
2483,78.096976
2484,2.411688
2485,24.868524
2486,16.259312
2487,58.892824
2488,46.075488
2489,5.618036
2490,2.354072
2491,11.324208
2492,29.826696
2493,0.934804
2494,85.451004
2495,65.28268
2496,2.171496
2497,3.80342
2498,15.957008
2499,43.472056
2500,31.50764
2501,38.022684
2502,86.40734
2503,0.943796
2504,16.253704
2505,20.422992
2506,41.427568
2507,21.079796
2508,12.492436
2509,43.54196
2510,43.54572
2511,2.758516
2512,33.194656
2513,35.399888
2514,23.602668
2515,54.023772
2516,38.986232
2517,36.559496
2518,46.41958
2519,11.48782
2520,34.044564
2521,10.02718
2522,22.412132
2523,24.901176
2524,23.536548
2525,2.617864
2526,4.232832
2527,37.68254
2528,13.43252
2529,1.675016
2530,37.861024
2531,3.247092
2532,51.702528
2533,2.064312
2534,28.177676
2535,27.941688
2536,58.014156
2537,158.476196
2538,2.103584
2539,12.579188
2540,1.261652
2541,14.675616
2542,21.809652
2543,6.154376
2544,99.117232
2545,17.58678
2546,64.17074
2547,27.48788
2548,1.8329
2549,42.701028
2550,2.263896
2551,23.474132
2552,2.358632
2553,2.014164
2554,48.11164
2555,50.836956
2556,2.571364
2557,2.102496
2558,2.760416
2559,16.73472
2560,41.007096
2561,16.708032
2562,23.294988
2563,89.811172
2564,14.941676
2565,4.112096
2566,2.076172
2567,2.411516
2568,33.879972
2569,1.848924
2570,2.026888
2571,1.483804
2572,64.356
2573,16.950476
2574,34.619336
2575,2.028744
2576,19.046876
2577,56.64654
2578,4.198112
2579,2.835908
2580,4.997004
2581,21.697996
2582,95.142084
2583,35.426536
2584,12.90048
2585,52.626976
2586,2.841908
2587,2.751472
2588,26.743588
2589,3.1398
2590,5.253264
2591,53.075008
2592,1.716764
2593,53.822888
2594,34.447428
2595,0.932324
2596,2.370556
2597,2.221592
2598,2.701316
2599,9.421484
2600,48.38082
2601,20.054012
2602,76.262172
2603,4.593732
2604,1.612608
2605,3.697984
2606,55.886096
2607,3.633308
2608,11.246228
2609,3.937356
2610,1.909348
2611,2.227248
2612,34.759864
2613,32.209968
2614,2.277476
2615,35.319072
2616,3.873568
2617,60.61488
2618,4.30616
2619,37.047932
2620,3.181332
2621,38.933424
2622,98.528428
2623,3.404036
2624,22.759116
2625,19.215952
2626,2.401544
2627,2.337404
2628,2.019024
2629,62.731952
2630,23.79382
2631,3.035516
2632,36.277244
2633,4.86676
2634,2.716536
2635,95.623252
2636,32.19104
2637,2.881036
2638,2.561392
2639,7.92702
2640,2.805832
2641,79.678788
2642,65.89248
2643,22.43468
2644,67.939404
2645,3.074556
2646,10.538912
2647,57.102784
2648,3.784196
2649,20.107112
2650,3.83858
2651,57.418024
2652,3.010508
2653,2.327284
2654,1.25214
2655,2.298888
2656,48.985904
2657,3.529156
2658,12.555736
2659,34.8499
2660,127.690148
2661,1.895004
2662,2.297416
2663,3.127448
2664,2.734088
2665,2.245316
2666,2.080488
2667,35.774504
2668,2.219684
2669,3.046436
2670,114.440072
2671,26.960216
2672,2.391636
2673,2.100328
2674,72.319444
2675,11.228632
2676,73.291788
2677,2.664408
2678,3.810752
2679,24.154796
2680,1.977368
2681,1.573132
2682,30.222124
2683,57.317196
2684,49.978568
2685,48.599416
2686,101.589512
2687,2.489376
2688,14.765364
2689,35.943168
2690,15.412508
2691,28.872432
2692,105.058084
2693,89.875948
2694,36.14366
2695,2.443712
2696,29.9612
2697,50.036144
2698,50.902852
2699,2.528308
2700,33.84302
2701,60.823676
2702,120.40456
2703,108.002532
2704,2.59726
2705,78.415516
2706,15.45328
2707,1.843736
2708,83.166984
2709,2.5535
2710,49.26012
2711,110.02146
2712,2.728612
2713,8.612868
2714,13.91628
2715,146.378536
2716,1.974768
2717,27.9929
2718,113.583208
2719,105.544876
2720,170.650476
2721,48.903844
2722,67.009452
2723,7.330488
2724,43.938656
2725,1.758776
2726,61.59302
2727,2.679176
2728,31.813944
2729,190.09976
2730,93.666564
2731,2.102728
2732,2.150212
2733,44.804092
2734,2.177984
2735,148.034484
2736,2.36198
2737,44.441952
2738,1.982396
2739,36.328688
2740,67.211176
2741,31.773284
2742,1.938148
2743,89.673684
2744,2.149432
2745,7.090388
2746,44.383404
2747,38.072832
2748,57.421192
2749,23.963068
2750,31.220148
2751,47.816688
2752,31.886016
2753,7.296788
2754,51.03188
2755,35.084456
2756,2.038028
2757,2.567644
2758,28.643232
2759,6.390436
2760,65.0829
2761,157.309312
2762,158.943976
2763,97.429164
2764,116.779656
2765,96.652748
2766,2.084188
2767,140.0528
2768,1.305708
2769,2.189388
2770,0.591548
2771,1.401716
2772,4.733228
2773,3.715716
2774,1.12286
2775,61.73896
2776,2.172616
2777,1.984144
2778,2.579868
2779,2.090148
2780,2.621452
2781,48.693024
2782,38.87114
2783,22.190416
2784,29.407584
2785,84.367932
2786,1.421496
2787,36.695564
2788,1.331472
2789,7.315124
2790,3.892312
2791,7.682272
2792,2.165192
2793,3.579552
2794,71.368496
2795,43.225604
2796,1.232884
2797,1.632904
2798,1.94722
2799,103.925248
2800,35.817688
2801,16.116612
2802,23.73916
2803,7.48336
2804,2.09442
2805,12.62326
2806,57.353836
2807,4.468304
2808,2.9508
2809,1.294348
2810,1.169568
2811,2.236844
2812,2.302708
2813,2.957264
2814,147.912624
2815,2.215152
2816,1.629664
2817,16.518928
2818,41.427912
2819,90.74664
2820,180.729236
2821,20.221832
2822,43.035396
2823,10.122992
2824,2.983784
2825,1.113128
2826,95.062628
2827,34.719688
2828,118.457536
2829,12.911164
2830,1.628764
2831,68.751052
2832,29.62784
2833,226.731464
2834,151.303896
2835,1.575856
2836,104.895444
2837,102.916596
2838,0.66148
2839,0.830364
2840,2.616236
2841,34.322012
2842,199.62258
2843,2.325388
2844,26.248472
2845,42.733364
2846,25.04
2847,1.15728
2848,1.97096
2849,53.590804
2850,35.071276
2851,1.34364
2852,2.413916
2853,32.970804
2854,95.939144
2855,101.198816
2856,33.706952
2857,32.350748
2858,2.233248
2859,40.76966
2860,0.634444
2861,72.323276
2862,1.802832
2863,3.193492
2864,2.825208
2865,58.11194
2866,3.281744
2867,26.569324
2868,4.126972
2869,129.581424
2870,166.69158
2871,3.665812
2872,1.836172
2873,4.435008
2874,39.699048
2875,1.40338
2876,4.85262
2877,32.206788
2878,37.193216
2879,38.259368
2880,2.850856
2881,67.773196
2882,2.700008
2883,1.455776
2884,105.184104
2885,53.014044
2886,27.490428
2887,36.823208
2888,59.63062
2889,78.08014
2890,52.754968
2891,40.427972
2892,129.887992
2893,36.146548
2894,24.788352
2895,68.602984
2896,1.16248
2897,93.997676
2898,2.323264
2899,2.522804
2900,37.605784
2901,73.730352
2902,2.257192
2903,42.31644
2904,110.665724
2905,46.682596
2906,4.582564
2907,27.170952
2908,67.227976
2909,101.884704
2910,62.694528
2911,5.430048
2912,1.160916
2913,2.48114
2914,2.371984
2915,54.242872
2916,0.546788
2917,59.216428
2918,66.5196
2919,2.591656
2920,64.055152
2921,0.532028
2922,43.443868
2923,197.71222
2924,151.73344
2925,3.39024
2926,31.850584
2927,57.508016
2928,68.048952
2929,44.188668
2930,0.472136
2931,3.07252
2932,4.38448
2933,2.256808
2934,39.918876
2935,25.616392
2936,78.418856
2937,4.49492
2938,1.22
2939,25.046152
2940,86.621356
2941,37.911024
2942,104.926316
2943,29.74198
2944,52.736348
2945,36.588312
2946,5.866188
2947,56.221296
2948,51.062992
2949,91.828604
2950,0.920928
2951,7.308128
2952,52.887308
2953,8.103708
2954,56.542076
2955,34.04062
2956,38.621808
2957,42.501716
2958,1.361728
2959,18.75728
2960,4.663224
2961,145.445704
2962,2.06526
2963,26.883064
2964,44.420972
2965,21.530124
2966,76.97132
2967,18.558464
2968,1.134568
2969,2.405204
2970,20.57662
2971,10.819184
2972,72.09004
2973,8.837252
2974,79.15104
2975,1.2229
2976,71.076628
2977,27.367232
2978,52.409304
2979,2.923352
2980,65.284804
2981,7.807456
2982,41.274048
2983,50.844608
2984,129.22546
2985,13.04912
2986,8.606356
2987,63.440828
2988,58.143324
2989,3.498368
2990,21.848876
2991,51.58526
2992,5.648008
2993,19.33694
2994,157.027892
2995,0.965648
2996,69.68698
2997,2.227388
2998,15.370784
2999,4.642932
3000,26.016544
3001,35.19036
3002,51.419384
3003,57.445212
3004,9.969664
3005,45.783608
3006,1.940612
3007,66.024676
3008,91.300284
3009,4.178184
3010,52.269988
3011,47.628488
3012,1.011408
3013,10.470776
3014,24.172804
3015,50.041308
3016,120.58928
3017,48.171504
3018,52.845488
3019,2.59994
3020,17.447684
3021,47.50688
3022,18.326876
3023,1.733516
3024,34.549744
3025,86.11308
3026,3.47842
3027,34.66394
3028,74.895564
3029,0.963308
3030,16.46628
3031,78.815864
3032,3.537444
3033,34.67324
3034,34.534816
3035,1.995232
3036,3.548776
3037,18.081136
3038,3.950252
3039,51.466984
3040,1.06804
3041,54.388184
3042,42.693056
3043,1.73544
3044,2.815064
3045,3.196072
3046,38.929204
3047,70.012012
3048,57.217756
3049,9.612548
3050,23.531452
3051,73.885928
3052,2.18168
3053,1.887292
3054,162.414028
3055,50.95988
3056,0.639804
3057,3.095408
3058,30.495864
3059,8.10916
3060,39.701928
3061,108.155304
3062,55.307544
3063,24.706952
3064,0.977688
3065,27.873656
3066,42.23598
3067,2.366316
3068,40.05864
3069,45.0577
3070,2.10198
3071,6.032476
3072,71.703476
3073,2.282844
3074,1.402872
3075,1.340636
3076,8.520792
3077,47.691748
3078,0.847216
3079,94.04102
3080,30.337464
3081,39.760428
3082,7.7908
3083,113.995092
3084,197.795788
3085,2.025148
3086,5.8957
3087,16.107764
3088,36.75166
3089,14.737628
3090,2.154608
3091,0.182984
3092,5.191896
3093,16.371636
3094,26.162796
3095,4.635288
3096,1.178648
3097,79.288316
3098,16.488944
3099,1.119112
3100,61.5004
3101,46.528956
3102,3.568424
3103,2.236192
3104,51.853896
3105,83.141284
3106,71.128832
3107,37.092984
3108,64.598844
3109,61.033056
3110,113.042408
3111,28.117632
3112,112.322536
3113,0.848952
3114,2.46194
3115,3.707332
3116,3.321936
3117,30.124976
3118,35.877464
3119,3.978804
3120,52.820704
3121,1.205288
3122,6.81894
3123,34.93308
3124,22.807312
3125,36.952164
3126,78.244732
3127,87.33784
3128,38.36766
3129,31.809092
3130,46.391972
3131,47.799984
3132,147.535232
3133,81.035004
3134,90.928852
3135,81.624988
3136,58.58564
3137,2.623944
3138,62.706352
3139,188.796956
3140,1.854684
3141,44.244588
3142,38.531572
3143,15.393616
3144,2.2432
3145,11.706984
3146,75.496628
3147,2.372768
3148,7.399128
3149,2.149924
3150,3.674472
3151,142.165192
3152,9.817372
3153,15.45094
3154,1.495504
3155,8.707092
3156,45.900844
3157,39.405348
3158,41.064424
3159,42.602524
3160,3.6008
3161,18.066984
3162,0.931488
3163,1.030608
3164,1.87662
3165,2.458712
3166,2.146812
3167,25.32462
3168,73.149564
3169,1.658432
3170,3.4176
3171,1.815096
3172,1.608268
3173,51.314032
3174,2.180964
3175,6.569316
3176,55.394284
3177,154.175172
3178,4.166052
3179,90.172916
3180,5.360008
3181,1.916732
3182,2.42598
3183,5.837644
3184,56.594984
3185,32.873436
3186,18.746512
3187,1.61648
3188,1.874044
3189,36.294044
3190,150.772288
3191,16.384584
3192,34.058284
3193,3.977328
3194,66.301752
3195,112.411232
3196,100.196292
3197,86.795816
3198,68.566972
3199,6.103348
3200,2.520764
3201,5.255924
3202,1.575016
3203,43.626912
3204,52.754352
3205,7.298452
3206,59.945872
3207,75.922896
3208,100.715876
3209,187.779448
3210,68.431188
3211,8.1326
3212,6.466928
3213,108.466036
3214,2.151068
3215,6.103648
3216,23.599604
3217,53.970188
3218,94.588428
3219,0.972552
3220,46.434736
3221,61.219772
3222,2.107712
3223,51.059868
3224,34.575172
3225,5.106344
3226,3.451432
3227,113.627
3228,59.953948
3229,28.41488
3230,2.237788
3231,43.345476
3232,2.05336
3233,51.760848
3234,40.900004
3235,53.815128
3236,57.878696
3237,23.677216
3238,3.87924
3239,28.350032
3240,1.69438
3241,72.967068
3242,65.83116
3243,1.816756
3244,6.121088
3245,23.329896
3246,39.867904
3247,93.492696
3248,59.612404
3249,58.98846
3250,93.182324
3251,57.684176
3252,3.936236
3253,3.020692
3254,26.252116
3255,57.098716
3256,1.265928
3257,5.31132
3258,7.536028
3259,4.131032
3260,5.634036
3261,1.29864
3262,26.973448
3263,5.288888
3264,3.056956
3265,63.057652
3266,5.633608
3267,10.866944
3268,45.853128
3269,13.101676
3270,110.071672
3271,50.53178
3272,2.388592
3273,2.68722
3274,2.251368
3275,0.855528
3276,16.848792
3277,1.204016
3278,24.010676
3279,29.740416
3280,27.214732
3281,5.722044
3282,4.70282
3283,61.2649
3284,9.21228
3285,1.437544
3286,74.22544
3287,43.21668
3288,218.89902
3289,66.997652
3290,64.792124
3291,70.570756
3292,7.045932
3293,36.733916
3294,120.724372
3295,71.718992
3296,77.808456
3297,6.626048
3298,87.56584
3299,1.994584
3300,27.188144
3301,48.773564
3302,72.258272
3303,39.042076
3304,59.256808
3305,4.89412
3306,25.501028
3307,36.718264
3308,82.93662
3309,52.081388
3310,3.711428
3311,69.908732
3312,39.920328
3313,46.002856
3314,40.268112
3315,26.642028
3316,2.91642
3317,51.403296
3318,6.343024
3319,17.480332
3320,98.900716
3321,217.096236
3322,59.573944
3323,65.61192
3324,119.127844
3325,27.360624
3326,71.6928
3327,125.729972
3328,3.19724
3329,3.915764
3330,3.563932
3331,9.520948
3332,22.701244
3333,2.567612
3334,75.739836
3335,77.219332
3336,245.380768
3337,25.605708
3338,43.38772
3339,21.949648
3340,92.369624
3341,39.971516
3342,0.833768
3343,4.45648
3344,45.88236
3345,2.146712
3346,3.026448
3347,9.863868
3348,26.84638
3349,4.3672
3350,26.460004
3351,45.567476
3352,34.514824
3353,3.988236
3354,62.505616
3355,11.85562
3356,50.048752
3357,1.969424
3358,1.980572
3359,4.135568
3360,5.504576
3361,81.020192
3362,50.315624
3363,1.532604
3364,35.08592
3365,15.794776
3366,46.513936
3367,52.991804
3368,48.909332
3369,4.58104
3370,119.83416
3371,3.774836
3372,187.89052
3373,0.79756
3374,4.101268
3375,54.829244
3376,78.52176
3377,80.59464
3378,82.146136
3379,1.311752
3380,79.222608
3381,5.088704
3382,1.466836
3383,43.7287
3384,69.002488
3385,0.876952
3386,4.759512
3387,72.091792
3388,33.929376
3389,2.48854
3390,68.163464
3391,47.238244
3392,42.060388
3393,13.5598
3394,1.739568
3395,1.912704
3396,2.197412
3397,160.7514
3398,107.16922
3399,81.778388
3400,70.226528
3401,0.451732
3402,0.697912
3403,50.729512
3404,100.013904
3405,3.925876
3406,68.92252
3407,1.184136
3408,1.308244
3409,44.972268
3410,84.84504
3411,79.953304
3412,64.184852
3413,7.62406
3414,1.967948
3415,72.14528
3416,72.413264
3417,3.615876
3418,9.514496
3419,52.627356
3420,0.936092
3421,2.388868
3422,19.973044
3423,74.289796
3424,0.791744
3425,53.702344
3426,88.188272
3427,96.073684
3428,1.861612
3429,43.047232
3430,24.19188
3431,1.057632
3432,47.77018
3433,25.782104
3434,46.0813
3435,48.6309
3436,0.762788
3437,3.495572
3438,55.981144
3439,0.59376
3440,3.23192
3441,0.316496
3442,21.435596
3443,81.354436
3444,4.411728
3445,4.542364
3446,0.485924
3447,4.270292
3448,63.63164
3449,4.24314
3450,1.266572
3451,1.219388
3452,22.257636
3453,26.707208
3454,5.528576
3455,81.0153
3456,97.250068
3457,4.175308
3458,26.681912
3459,5.716432
3460,0.590556
3461,0.962624
3462,17.801264
3463,0.638296
3464,38.99512
3465,1.605928
3466,4.216932
3467,3.238936
3468,94.040856
3469,0.719216
3470,0.436204
3471,2.102564
3472,22.690948
3473,4.583412
3474,1.866512
3475,7.959652
3476,15.374084
3477,0.356496
3478,4.804424
3479,138.787776
3480,62.745556
3481,6.515492
3482,1.95894
3483,4.50342
3484,0.798468
3485,42.749192
3486,74.229664
3487,50.556184
3488,0.542308
3489,0.455128
3490,1.61528
3491,4.229148
3492,4.80916
3493,8.36168
3494,108.951792
3495,60.539396
3496,0.667296
3497,2.015912
3498,3.67254
3499,4.153632
3500,1.687288
3501,53.097856
3502,0.50788
3503,0.451356
3504,4.704336
3505,86.107008
3506,6.155452
3507,140.523848
3508,0.423076
3509,5.155924
3510,0.370796
3511,0.860012
3512,56.154256
3513,7.069548
3514,6.033988
3515,79.326116
3516,88.895552
3517,0.341912
3518,18.358052
3519,4.58342
3520,1.1179
3521,8.518444
3522,27.947724
3523,83.319704
3524,64.835964
3525,5.39438
3526,0.67736
3527,61.280116
3528,0.33634
3529,5.64934
3530,3.217636
3531,0.40258
3532,63.069272
3533,0.347748
3534,11.114628
3535,39.223492
3536,68.685496
3537,29.72906
3538,0.471684
3539,8.434092
3540,26.42438
3541,8.786544
3542,24.629676
3543,152.028496
3544,6.045572
3545,0.511596
3546,11.749984
3547,4.588992
3548,4.820396
3549,4.49272
3550,0.2226
3551,3.840204
3552,57.00992
3553,34.241572
3554,0.852444
3555,4.860128
3556,3.953148
3557,3.922856
3558,0.434352
3559,0.899864
3560,3.638876
3561,84.49264
3562,4.285052
3563,3.722244
3564,3.216476
3565,75.145956
3566,2.225416
3567,22.504792
3568,0.619752
3569,4.576684
3570,25.190812
3571,0.407268
3572,28.304888
3573,0.189928
3574,2.94714
3575,31.340732
3576,3.992012
3577,39.440628
3578,0.523576
3579,10.771824
3580,0.687976
3581,4.276368
3582,9.68714
3583,0.774744
3584,0.441216
3585,0.281856
3586,20.775472
3587,0.822284
3588,37.762236
3589,3.774468
3590,93.395916
3591,104.230892
3592,59.063948
3593,102.551932
3594,2.713352
3595,1.132368
3596,4.507608
3597,32.859948
3598,0.88228
3599,18.397156
3600,6.040168
3601,6.416516
3602,4.194852
3603,100.341376
3604,4.054368
3605,0.489308
3606,76.0183
3607,46.856056
3608,75.203924
3609,1.271028
3610,21.27256
3611,81.058796
3612,83.586896
3613,4.63058
3614,46.848656
3615,1.87014
3616,2.079504
3617,8.862348
3618,3.646476
3619,89.7186
3620,5.719448
3621,103.173772
3622,81.648512
3623,98.827744
3624,100.538788
3625,1.736144
3626,57.49052
3627,1.945104
3628,4.793
3629,0.866888
3630,9.880596
3631,79.573536
3632,4.369544
3633,10.286032
3634,4.000104
3635,3.872056
3636,0.765096
3637,61.250316
3638,40.35226
3639,4.210192
3640,0.870864
3641,4.214824
3642,146.13796
3643,41.667308
3644,58.6002
3645,0.568884
3646,113.251404
3647,49.661152
3648,55.01308
3649,1.293968
3650,4.135804
3651,27.57156
3652,11.654528
3653,85.287044
3654,3.44422
3655,0.371556
3656,74.639556
3657,12.998104
3658,0.869476
3659,0.875788
3660,28.489828
3661,74.080432
3662,0.442532
3663,1.337624
3664,90.086384
3665,3.361276
3666,41.981904
3667,15.339204
3668,4.93438
3669,16.875752
3670,27.787504
3671,2.655792
3672,70.97382
3673,67.647472
3674,1.710304
3675,87.113132
3676,4.658412
3677,4.496932
3678,52.491552
3679,76.928652
3680,68.516464
3681,5.701972
3682,41.398908
3683,5.204444
3684,0.339644
3685,0.603324
3686,15.807284
3687,1.6597
3688,4.871456
3689,119.197384
3690,0.437504
3691,4.219468
3692,3.897808
3693,13.956632
3694,1.605604
3695,2.24698
3696,12.125816
3697,1.967196
3698,94.781024
3699,0.44394
3700,0.470828
3701,174.837164
3702,17.348356
3703,98.870816
3704,4.582548
3705,0.452544
3706,0.19344
3707,0.197328
3708,1.491792
3709,4.567312
3710,23.624796
3711,2.203956
3712,17.524736
3713,4.74868
3714,7.691548
3715,0.255132
3716,3.165444
3717,42.278696
3718,3.38278
3719,53.43306
3720,3.488412
3721,107.37008
3722,0.64638
3723,58.336804
3724,4.55618
3725,0.162756
3726,4.70196
3727,0.702928
3728,6.618572
3729,0.268376
3730,0.365892
3731,4.51462
3732,65.070116
3733,13.733128
3734,70.85246
3735,41.016384
3736,58.886088
3737,1.182632
3738,5.118912
3739,4.769516
3740,4.573424
3741,94.50714
3742,0.924412
3743,0.606044
3744,62.607612
3745,0.277652
3746,16.55356
3747,0.37948
3748,3.215636
3749,58.267096
3750,51.464948
3751,1.887104
3752,0.279832
3753,67.922932
3754,10.49244
3755,0.73622
3756,4.099848
3757,3.984004
3758,2.655496
3759,0.10332
3760,5.591256
3761,0.765792
3762,84.541836
3763,67.687672
3764,0.372908
3765,5.90196
3766,8.450416
3767,5.560784
3768,0.449008
3769,0.334984
3770,5.311432
3771,16.319176
3772,1.118776
3773,80.101532
3774,3.753144
3775,1.484032
3776,4.695416
3777,32.367296
3778,12.880592
3779,70.611272
3780,0.340288
3781,0.170132
3782,4.057268
3783,4.159032
3784,81.164152
3785,3.85714
3786,0.31876
3787,15.382328
3788,0.32734
3789,73.982632
3790,0.288764
3791,38.392304
3792,72.83158
3793,72.02404
3794,4.6852
3795,4.492984
3796,6.688856
3797,0.372516
3798,0.594944
3799,4.774012
3800,40.011296
3801,5.174748
3802,0.691964
3803,54.562192
3804,38.371352
3805,3.461612
3806,61.821888
3807,1.9795
3808,4.358832
3809,4.47842
3810,60.02922
3811,0.634712
3812,6.487816
3813,6.035972
3814,2.875984
3815,5.358272
3816,0.844136
3817,3.94598
3818,5.725172
3819,15.492668
3820,12.386596
3821,4.07414
3822,23.081652
3823,5.26962
3824,1.74286
3825,3.369992
3826,3.861008
3827,32.862436
3828,2.315128
3829,10.402248
3830,2.717096
3831,4.3225
3832,3.660024
3833,7.282132
3834,0.794564
3835,0.212828
3836,39.169552
3837,3.586236
3838,68.773944
3839,0.139076
3840,0.240052
3841,0.909384
3842,3.254748
3843,4.52316
3844,46.13486
3845,34.297912
3846,9.215804
3847,0.451828
3848,0.380092
3849,3.551828
3850,2.927628
3851,1.272468
3852,39.387316
3853,2.897604
3854,2.45818
3855,4.088148
3856,4.89552
3857,63.407184
3858,3.36394
3859,29.474548
3860,0.558384
3861,3.542788
3862,5.982048
3863,2.426604
3864,3.755644
3865,102.72802
3866,0.217236
3867,2.279128
3868,0.455228
3869,4.65854
3870,2.685736
3871,3.727456
3872,14.240056
3873,2.406516
3874,0.210788
3875,0.285564
3876,4.931416
3877,42.73976
3878,0.790508
3879,0.463836
3880,83.538512
3881,0.346556
3882,4.290336
3883,0.71208
3884,28.825312
3885,2.682672
3886,7.038988
3887,1.630016
3888,4.007628
3889,2.3246
3890,4.66834
3891,1.80052
3892,1.187856
3893,1.4181
3894,2.241768
3895,81.919636
3896,0.863284
3897,5.23672
3898,61.9196
3899,8.34558
3900,34.114304
3901,37.553588
3902,2.186432
3903,0.387156
3904,1.278692
3905,4.03468
3906,4.656444
3907,3.698944
3908,0.849492
3909,3.074856
3910,4.84372
3911,42.761512
3912,103.385524
3913,35.643416
3914,2.263284
3915,4.122232
3916,7.58106
3917,45.653076
3918,0.96298
3919,5.146672
3920,3.493312
3921,0.078464
3922,2.864612
3923,4.844224
3924,2.999272
3925,1.49064
3926,4.988424
3927,46.654172
3928,4.492588
3929,36.591904
3930,4.452284
3931,0.085916
3932,0.942472
3933,0.13594
3934,0.232876
3935,78.701068
3936,63.911452
3937,90.172172
3938,0.136232
3939,61.284136
3940,37.465224
3941,161.96164
3942,57.732488
3943,79.735464
3944,37.026068
3945,3.026712
3946,22.37128
3947,41.56772
3948,103.412568
3949,0.169264
3950,71.693104
3951,2.469564
3952,5.291036
3953,7.889944
3954,10.738184
3955,3.67824
3956,36.933876
3957,1.890628
3958,6.247256
3959,45.456972
3960,4.419008
3961,1.262148
3962,3.774688
3963,0.029552
3964,40.31106
3965,2.391888
3966,17.597892
3967,0.181848
3968,0.17996
3969,35.641524
3970,111.8777
3971,48.392484
3972,37.113124
3973,51.735236
3974,115.95416
3975,0.178452
3976,1.69952
3977,118.548004
3978,0.778796
3979,0.140952
3980,17.589452
3981,4.92934
3982,43.979276
3983,47.944128
3984,7.940252
3985,81.308144
3986,0.096524
3987,43.438804
3988,123.219516
3989,0.110212
3990,4.047636
3991,3.326448
3992,0.489348
3993,2.288872
3994,19.155824
3995,4.01842
3996,0.08186
3997,7.101612
3998,82.815908
3999,20.244324
4000,0.168848
4001,2.499372
4002,100.985904
4003,0.190988
4004,48.005708
4005,1.571848
4006,3.276636
4007,76.788896
4008,4.052824
4009,5.76596
4010,4.454892
4011,48.500588
4012,54.863584
4013,21.0665
4014,4.821792
4015,0.203484
4016,3.2205
4017,2.376896
4018,25.135284
4019,4.07792
4020,3.348172
4021,32.756908
4022,5.033592
4023,15.870076
4024,4.792312
4025,6.73388
4026,53.523316
4027,16.46816
4028,4.62726
4029,78.346372
4030,2.31198
4031,61.388972
4032,97.970632
4033,74.722244
4034,3.098796
4035,75.649068
4036,92.386048
4037,7.46004
4038,90.37244
4039,3.409344
4040,3.284976
4041,0.879888
4042,3.836316
4043,10.829976
4044,92.944652
4045,1.371128
4046,89.180512
4047,5.449236
4048,0.203104
4049,1.288736
4050,6.552028
4051,13.171188
4052,4.71606
4053,11.732444
4054,3.201536
4055,8.187252
4056,0.1557
4057,4.869548
4058,0.022876
4059,0.926848
4060,67.322052
4061,13.69954
4062,3.178944
4063,91.096988
4064,76.365468
4065,10.245776
4066,1.417464
4067,61.184544
4068,1.113484
4069,6.278624
4070,20.760568
4071,4.149044
4072,4.679108
4073,2.529112
4074,20.6759
4075,0.330608
4076,2.390536
4077,12.291144
4078,97.500828
4079,4.996
4080,1.482872
4081,0.26942
4082,10.954072
4083,25.848136
4084,26.433384
4085,32.71332
4086,40.421708
4087,5.262916
4088,36.583444
4089,0.079388
4090,3.831912
4091,3.663052
4092,0.926024
4093,88.047492
4094,5.46904
4095,0.353012
4096,0.075256
4097,2.613
4098,18.866048
4099,0.044756
4100,6.423424
4101,87.92196
4102,2.120756
4103,61.87838
4104,0.304232
4105,37.888652
4106,4.69792
4107,75.28912
4108,18.3971
4109,0.894128
4110,24.748876
4111,2.862052
4112,55.418984
4113,1.606848
4114,17.237408
4115,1.141236
4116,33.081012
4117,1.593308
4118,3.209444
4119,2.09908
4120,11.170188
4121,50.731568
4122,0.471872
4123,1.578456
4124,68.82848
4125,63.938176
4126,56.929568
4127,29.878848
4128,0.066332
4129,0.03884
4130,0.048304
4131,48.800608
4132,22.874632
4133,1.75582
4134,1.269372
4135,10.29234
4136,5.145812
4137,2.12668
4138,1.395144
4139,1.039524
4140,1.339832
4141,43.146708
4142,62.847356
4143,1.244724
4144,1.422928
4145,33.699628
4146,40.582952
4147,24.623144
4148,97.362064
4149,3.100432
4150,6.885132
4151,3.70452
4152,38.370952
4153,1.345528
4154,65.9939
4155,2.321496
4156,0.035756
4157,1.791028
4158,53.347096
4159,0.760472
4160,43.772248
4161,4.039272
4162,35.946452
4163,78.9579
4164,1.30798
4165,9.9424
4166,1.09832
4167,24.694556
4168,2.865924
4169,5.607812
4170,147.029048
4171,71.600772
4172,85.72392
4173,108.551248
4174,88.815988
4175,71.807204
4176,91.084392
4177,2.929372
4178,2.567792
4179,1.819684
4180,75.996652
4181,2.456888
4182,1.041656
4183,0.117608
4184,0.297808
4185,8.012532
4186,0.132604
4187,3.810076
4188,2.43976
4189,46.42372
4190,14.9541
4191,3.090092
4192,34.102224
4193,35.991296
4194,38.101012
4195,4.612872
4196,0.134576
4197,75.084072
4198,4.651324
4199,44.32974
4200,97.290328
4201,5.460216
4202,53.10386
4203,68.640292
4204,6.148788
4205,3.506452
4206,0.162204
4207,0.049736
4208,0.693072
4209,8.867756
4210,1.152488
4211,1.114436
4212,34.446856
4213,12.3527
4214,1.827376
4215,1.859312
4216,0.403252
4217,46.424064
4218,28.581208
4219,90.721192
4220,0.018152
4221,10.523672
4222,78.774284
4223,0.990952
4224,10.3447
4225,0.11062
4226,5.956496
4227,9.998804
4228,3.691496
4229,3.06562
4230,30.614136
4231,0.070028
4232,4.27498
4233,14.019408
4234,16.4553
4235,45.880204
4236,3.263004
4237,1.146068
4238,69.023712
4239,2.366824
4240,90.409144
4241,52.543884
4242,75.331324
4243,58.759412
4244,78.984472
4245,13.658788
4246,1.793152
4247,61.56064
4248,91.295924
4249,3.735616
4250,54.666844
4251,2.945836
4252,0.078372
4253,5.238336
4254,97.386936
4255,0.789288
4256,18.796876
4257,0.0927
4258,3.345948
4259,0.04344
4260,4.909948
4261,0.023968
4262,0.033848
4263,0.731364
4264,16.41278
4265,4.404356
4266,7.562528
4267,48.7946
4268,0.884756
4269,1.822352
4270,2.380772
4271,5.647352
4272,3.077648
4273,3.551256
4274,3.830864
4275,43.197424
4276,5.288688
4277,0.200332
4278,2.110376
4279,5.684788
4280,2.797816
4281,1.079576
4282,57.096452
4283,95.933236
4284,16.181668
4285,1.687056
4286,31.245556
4287,20.1141
4288,2.925
4289,80.154416
4290,2.339124
4291,0.352536
4292,4.975512
4293,14.42332
4294,15.4215
4295,79.507472
4296,2.513108
4297,5.975308
4298,4.8454
4299,8.979388
4300,3.654276
4301,48.143796
4302,65.276416
4303,77.935276
4304,4.142568
4305,46.848884
4306,48.487036
4307,0.046716
4308,102.255836
4309,3.919592
4310,3.573252
4311,3.93856
4312,52.07444
4313,81.179992
4314,1.29394
4315,1.305796
4316,0.368264
4317,3.825968
4318,92.179552
4319,12.875052
4320,91.115608
4321,64.54332
4322,63.219272
4323,3.248032
4324,0.606324
4325,45.755184
4326,88.198948
4327,10.715844
4328,2.43064
4329,4.586132
4330,15.6688
4331,0.028864
4332,1.036396
4333,63.6437
4334,37.427484
4335,16.925284
4336,0.241292
4337,0.067136
4338,22.62084
4339,84.4954
4340,6.353276
4341,3.787132
4342,0.919104
4343,0.017516
4344,3.708756
4345,70.458496
4346,97.728032
4347,74.203388
4348,0.012176
4349,68.7439
4350,0.052108
4351,42.452008
4352,27.6421
4353,0.029556
4354,36.323924
4355,2.522788
4356,9.268
4357,3.877864
4358,56.416316
4359,50.505588
4360,58.238568
4361,32.5786
4362,1.335132
4363,0.978812
4364,0.029828
4365,6.256984
4366,0.021372
4367,7.809388
4368,49.95594
4369,45.554408
4370,49.65202
4371,0.101388
4372,3.7895
4373,22.602064
4374,2.671024
4375,77.01654
4376,0.890476
4377,68.22996
4378,0.480192
4379,2.150388
4380,66.375148
4381,5.166628
4382,87.983624
4383,54.238616
4384,0.1159
4385,35.851612
4386,0.0526
4387,1.95976
4388,116.895312
4389,0.089364
4390,54.392852
4391,2.80372
4392,0.967144
4393,4.554628
4394,1.022288
4395,68.604132
4396,0.406852
4397,1.873664
4398,4.55202
4399,22.058804
4400,3.022984
4401,17.995996
4402,0.036352
4403,0.019652
4404,98.288212
4405,1.654816
4406,0.021548
4407,6.168104
4408,0.145908
4409,1.859236
4410,100.057516
4411,1.21204
4412,0.020796
4413,37.854864
4414,44.468096
4415,61.767732
4416,0.60342
4417,78.655328
4418,0.134208
4419,65.450352
4420,3.81654
4421,74.9074
4422,1.78594
4423,99.03078
4424,0.021176
4425,0.28116
4426,78.954336
4427,1.11714
4428,6.8162
4429,20.335548
4430,89.664924
4431,67.990336
4432,98.498792
4433,2.148424
4434,25.11528
4435,0.060592
4436,1.530884
4437,57.734172
4438,121.779264
4439,69.614588
4440,68.855256
4441,0.859836
4442,18.276252
4443,78.304756
4444,0.07322
4445,0.076832
4446,3.503464
4447,44.70076
4448,3.439796
4449,60.793416
4450,0.036128
4451,2.31052
4452,50.039052
4453,74.764712
4454,9.574504
4455,1.171628
4456,3.721344
4457,3.230672
4458,0.21692
4459,15.957404
4460,9.648332
4461,4.751956
4462,82.49192
4463,3.074404
4464,60.50112
4465,0.007256
4466,0.012836
4467,5.830544
4468,132.315224
4469,3.39182
4470,67.45268
4471,0.189456
4472,7.761064
4473,0.006768
4474,0.048628
4475,3.46346
4476,1.921176
4477,23.481288
4478,0.035784
4479,18.522244
4480,86.254612
4481,2.632564
4482,0.357704
4483,1.839324
4484,0.591316
4485,3.86106
4486,17.779372
4487,0.079016
4488,27.915708
4489,2.3756
4490,13.57182
4491,0.453564
4492,26.544956
4493,21.555516
4494,37.484688
4495,1.64718
4496,75.429536
4497,0.018748
4498,65.998104
4499,0.110096
4500,0.262224
4501,0.1435
4502,3.568064
4503,2.980712
4504,3.625396
4505,0.084064
4506,2.483968
4507,77.684872
4508,67.160996
4509,10.330688
4510,0.070612
4511,56.828884
4512,45.578572
4513,1.401256
4514,41.059596
4515,1.066504
4516,0.077396
4517,0.88236
4518,8.807656
4519,0.094096
4520,24.445008
4521,0.055312
4522,0.07962
4523,0.49826
4524,3.203708
4525,16.161272
4526,0.00962
4527,69.035336
4528,2.048752
4529,27.8733
4530,0.581336
4531,41.007512
4532,0.028768
4533,69.2537
4534,0.14098
4535,1.991964
4536,3.308208
4537,0.04128
4538,80.23506
4539,3.164468
4540,1.1134
4541,12.646064
4542,1.04848
4543,48.5476
4544,0.25558
4545,0.923472
4546,1.460148
4547,90.071032
4548,44.455416
4549,0.015436
4550,0.110864
4551,21.059104
4552,1.310372
4553,0.008348
4554,39.221932
4555,17.514964
4556,95.43744
4557,0.091652
4558,0.0649
4559,2.22286
4560,0.064472
4561,0.255344
4562,84.427604
4563,25.850176
4564,52.1907
4565,82.971968
4566,0.084812
4567,62.651956
4568,6.379696
4569,3.023008
4570,0.159244
4571,0.665504
4572,94.124888
4573,79.446172
4574,49.859368
4575,56.397264
4576,102.768252
4577,75.72738
4578,60.243912
4579,58.004796
4580,0.685704
4581,0.095676
4582,58.109884
4583,45.58554
4584,1.19946
4585,0.227656
4586,0.01818
4587,51.102628
4588,51.709484
4589,0.082928
4590,0.097964
4591,9.070384
4592,91.73262
4593,142.02318
4594,4.443344
4595,2.483192
4596,3.35244
4597,67.310472
4598,0.087368
4599,64.589516
4600,72.989004
4601,0.011316
4602,85.603436
4603,0.012016
4604,6.214544
4605,88.31326
4606,77.2019
4607,3.702556
4608,0.069504
4609,0.061212
4610,30.123776
4611,8.497728
4612,77.418208
4613,131.120324
4614,0.086236
4615,0.592908
4616,31.982548
4617,2.91962
4618,0.002748
4619,0.298916
4620,0.060876
4621,118.012396
4622,53.635632
4623,41.953892
4624,82.987508
4625,34.559728
4626,2.845132
4627,84.204324
4628,1.110636
4629,0.105424
4630,89.567808
4631,0.004272
4632,2.520584
4633,9.758272
4634,60.092424
4635,0.061632
4636,1.700452
4637,55.7329
4638,10.871984
4639,10.892576
4640,1.476316
4641,69.17858
4642,74.809752
4643,95.872708
4644,2.18866
4645,27.118352
4646,17.71494
4647,0.079808
4648,0.116732
4649,12.13676
4650,78.84764
4651,0.492008
4652,34.66684
4653,0.164668
4654,36.495564
4655,0.011596
4656,1.168052
4657,0.158236
4658,6.917216
4659,80.54984
4660,36.326944
4661,0.09102
4662,0.227244
4663,17.222364
4664,0.070536
4665,96.963692
4666,0.010692
4667,0.113868
4668,0.019752
4669,1.585724
4670,60.340792
4671,56.36954
4672,0.002132
4673,32.222812
4674,0.082888
4675,0.002052
4676,100.26382
4677,0.051412
4678,89.912512
4679,0.119588
4680,0.002652
4681,0.351616
4682,0.512732
4683,4.741812
4684,0.028944
4685,0.035164
4686,0.01456
4687,26.99134
4688,37.215228
4689,0.22792
4690,2.125392
4691,77.79018
4692,1.216892
4693,36.937188
4694,57.726972
4695,39.31322
4696,13.934944
4697,60.340744
4698,43.423964
4699,89.13238
4700,0.041192
4701,7.2183
4702,40.336424
4703,4.403124
4704,35.586644
4705,11.375744
4706,38.844236
4707,5.7471
4708,13.257256
4709,16.91136
4710,87.171856
4711,54.202588
4712,97.320072
4713,0.518388
4714,78.694252
4715,90.403784
4716,1.548628
4717,16.308732
4718,72.928992
4719,28.187372
4720,9.216888
4721,0.002272
4722,74.7096
4723,78.040348
4724,83.618416
4725,96.258792
4726,4.828772
4727,5.420476
4728,0.102556
4729,0.21184
4730,85.599352
4731,0.021756
4732,2.653616
4733,91.782396
4734,92.439188
4735,1.35934
4736,0.038832
4737,115.0036
4738,8.326372
4739,0.00768
4740,2.516224
4741,3.52394
4742,1.912964
4743,8.195176
4744,2.103312
4745,0.0699
4746,8.02346
4747,67.114616
4748,0.052984
4749,73.751788
4750,15.1549
4751,0.002756
4752,36.99902
4753,0.02916
4754,69.71734
4755,0.004516
4756,85.06802
4757,66.039388
4758,0.221392
4759,39.769064
4760,0.023228
4761,0.099156
4762,3.102496
4763,3.27048
4764,71.593968
4765,61.470772
4766,16.1295
4767,0.02844
4768,36.909864
4769,0.096244
4770,2.650484
4771,2.67302
4772,44.874204
4773,85.689508
4774,7.614692
4775,111.368272
4776,2.593132
4777,0.305804
4778,45.938028
4779,6.0681
4780,2.42512
4781,85.548968
4782,0.639864
4783,0.012288
4784,3.600092
4785,22.725616
4786,1.346176
4787,0.165188
4788,1.058664
4789,0.14364
4790,65.161732
4791,74.240808
4792,2.56348
4793,20.9542
4794,0.030772
4795,0.041168
4796,12.345088
4797,48.936676
4798,3.47506
4799,1.914364
4800,73.992924
4801,0.038376
4802,44.037372
4803,2.435756
4804,2.089232
4805,2.274192
4806,8.240948
4807,0.252644
4808,0.065464
4809,0.732744
4810,64.016468
4811,1.054788
4812,79.41222
4813,0.364696
4814,0.12814
4815,0.298448
4816,0.063768
4817,9.258116
4818,21.886784
4819,44.635928
4820,0.1904
4821,1.226612
4822,26.79424
4823,1.163492
4824,25.0475
4825,9.315464
4826,40.151356
4827,0.68622
4828,20.116784
4829,0.02174
4830,17.55872
4831,7.98426
4832,0.914368
4833,2.676564
4834,116.824092
4835,107.955128
4836,0.332404
4837,1.229024
4838,5.325684
4839,17.653368
4840,30.631792
4841,8.440448
4842,0.017008
4843,79.055072
4844,6.818216
4845,0.008388
4846,10.250628
4847,11.005284
4848,93.632112
4849,0.123244
4850,0.021308
4851,1.661996
4852,0.19072
4853,0.100192
4854,25.541564
4855,86.4192
4856,33.807464
4857,0.014476
4858,0.055788
4859,60.463256
4860,62.219904
4861,30.664724
4862,19.527092
4863,0.037056
4864,0.030392
4865,43.6252
4866,28.396772
4867,84.14488
4868,59.831092
4869,23.26526
4870,0.588632
4871,52.372972
4872,100.320016
4873,21.897408
4874,3.18224
4875,0.006412
4876,0.09418
4877,21.275144
4878,0.802696
4879,91.762944
4880,35.33276
4881,20.4586
4882,2.41144
4883,0.40512
4884,0.493284
4885,79.558584
4886,0.00386
4887,32.941592
4888,0.00938
4889,0.163804
4890,0.348156
4891,0.12106
4892,31.9851
4893,6.204728
4894,0.249784
4895,0.232572
4896,34.0109
4897,96.811428
4898,6.792264
4899,19.730756
4900,30.794164
4901,0.35642
4902,9.055796
4903,0.038036
4904,31.0685
4905,0.088288
4906,50.728596
4907,0.11516
4908,0.026212
4909,0.063204
4910,9.836912
4911,7.90732
4912,72.151184
4913,19.013892
4914,87.283928
4915,41.94482
4916,0.056768
4917,27.64568
4918,1.361112
4919,0.35852
4920,2.547636
4921,0.022308
4922,4.00162
4923,66.358088
4924,79.211092
4925,2.195732
4926,1.667172
4927,1.718144
4928,24.42796
4929,0.347548
4930,36.011216
4931,0.091316
4932,44.644032
4933,7.98026
4934,5.526464
4935,103.012344
4936,62.820408
4937,0.172304
4938,60.323756
4939,0.003044
4940,34.721456
4941,56.791352
4942,2.07148
4943,44.829388
4944,52.309608
4945,0.148956
4946,28.690088
4947,1.610328
4948,83.116692
4949,77.028004
4950,91.724728
4951,0.02808
4952,0.107596
4953,63.142044
4954,0.0432
4955,15.531596
4956,10.70224
4957,101.68284
4958,0.05002
4959,91.397004
4960,5.56812
4961,0.11208
4962,0.00934
4963,86.36806
4964,0.00318
4965,0.030408
4966,22.456524
4967,55.106448
4968,0.025784
4969,0.151364
4970,0.040488
4971,0.002956
4972,113.812644
4973,0.580484
4974,0.006676
4975,0.003872
4976,72.328028
4977,75.267828
4978,0.099384
4979,0.065508
4980,0.140688
4981,2.876564
4982,1.11022
4983,103.4426
4984,0.015416
4985,0.008664
4986,9.183528
4987,57.235092
4988,0.022912
4989,11.200012
4990,17.490664
4991,0.007932
4992,1.642748
4993,46.982792
4994,50.464572
4995,0.00592
4996,1.484828
4997,0.502088
4998,49.340624
4999,124.645124
5000,55.400564
5001,20.871204
5002,0.751992
5003,96.128708
5004,0.018464
5005,88.617532
5006,0.060292
5007,128.548768
5008,0.121612
5009,0.917224
5010,88.178496
5011,0.052144
5012,16.74172
5013,0.063728
5014,1.584376
5015,44.174112
5016,112.292528
5017,70.790952
5018,63.03748
5019,33.735228
5020,107.45528
5021,0.45602
5022,55.55554
5023,0.008236
5024,0.095312
5025,85.666796
5026,0.416308
5027,0.260356
5028,77.149316
5029,43.59262
5030,7.560972
5031,0.074704
5032,32.81374
5033,0.426012
5034,0.458852
5035,23.840228
5036,30.48916
5037,0.025192
5038,0.015984
5039,80.492656
5040,0.016452
5041,0.764544
5042,66.151116
5043,65.34186
5044,63.989744
5045,66.262324
5046,56.683204
5047,8.689688
5048,36.64456
5049,20.617408
5050,0.694268
5051,59.920364
5052,49.358464
5053,107.887732
5054,52.669044
5055,14.506576
5056,78.537416
5057,68.028836
5058,107.112284
5059,0.129612
5060,7.761252
5061,71.860512
5062,41.495272
5063,0.046348
5064,0.055204
5065,46.897544
5066,0.008776
5067,0.049596
5068,0.21002
5069,0.0137
5070,13.978996
5071,29.429324
5072,0.076204
5073,24.824808
5074,0.085404
5075,68.80142
5076,122.370356
5077,0.178352
5078,0.002156
5079,0.004896
5080,95.178884
5081,0.00674
5082,0.100648
5083,0.80352
5084,41.442428
5085,48.449092
5086,0.03148
5087,13.212128
5088,0.01622
5089,42.05174
5090,0.014048
5091,19.611424
5092,27.855804
5093,0.002
5094,2.969972
5095,17.46786
5096,21.996124
5097,42.71852
5098,76.205036
5099,84.050204
5100,63.840352
5101,0.034788
5102,0.020228
5103,0.055776
5104,1.152668
5105,0.812772
5106,23.72758
5107,61.197044
5108,0.050664
5109,0.062616
5110,74.085268
5111,3.748852
5112,82.02144
5113,0.139076
5114,0.261408
5115,0.033056
5116,97.302176
5117,6.410524
5118,34.601808
5119,0.010876
5120,38.676824
5121,0.00428
5122,1.028532
5123,21.778228
5124,41.369932
5125,39.35326
5126,85.089252
5127,2.579524
5128,0.030908
5129,16.342056
5130,38.001268
5131,2.510964
5132,0.035852
5133,0.290108
5134,0.186344
5135,58.719564
5136,1.32136
5137,23.085324
5138,14.10618
5139,0.06658
5140,0.002436
5141,71.163368
5142,1.276316
5143,1.465456
5144,95.797272
5145,0.034956
5146,71.750216
5147,0.037408
5148,85.967528
5149,27.374696
5150,71.210476
5151,0.030696
5152,3.196684
5153,100.111852
5154,28.124432
5155,36.612996
5156,0.037404
5157,66.52964
5158,55.303104
5159,50.387492
5160,3.742688
5161,90.483968
5162,64.3725
5163,88.44
5164,70.608436
5165,0.959452
5166,5.132888
5167,1.225088
5168,62.80228
5169,1.416468
5170,1.39838
5171,56.886592
5172,5.251612
5173,0.020036
5174,0.008352
5175,57.550384
5176,67.151232
5177,100.905116
5178,0.028648
5179,1.84886
5180,27.443768
5181,37.448856
5182,0.00678
5183,0.0473
5184,34.150604
5185,1.576972
5186,0.022424
5187,1.24612
5188,81.56802
5189,0.00248
5190,0.017316
5191,0.145904
5192,0.035924
5193,0.658968
5194,79.057008
5195,77.988256
5196,50.171984
5197,0.030672
5198,1.021708
5199,24.812636
5200,20.065892
5201,0.061336
5202,0.03284
5203,4.991532
5204,4.769688
5205,79.37108
5206,82.508088
5207,95.790556
5208,65.54774
5209,46.36878
5210,43.180304
5211,0.0323
5212,47.028916
5213,42.309292
5214,0.02624
5215,81.057784
5216,64.1228
5217,7.121784
5218,0.348432
5219,0.106852
5220,0.038488
5221,0.1267
5222,83.05866
5223,0.225808
5224,1.9516
5225,76.041888
5226,0.002136
5227,60.815308
5228,74.884148
5229,0.2692
5230,1.71014
5231,0.029412
5232,102.2099
5233,2.102108
5234,31.093536
5235,0.04814
5236,3.425816
5237,66.176912
5238,0.03194
5239,75.49104
5240,83.938212
5241,18.572992
5242,34.409516
5243,73.832244
5244,0.019104
5245,1.204612
5246,90.148168
5247,0.026104
5248,0.066996
5249,12.448028
5250,3.549544
5251,1.129804
5252,90.0626
5253,41.860992
5254,0.034436
5255,98.03044
5256,13.98634
5257,61.92844
5258,4.72346
5259,39.443608
5260,5.965984
5261,31.512356
5262,71.094336
5263,87.971312
5264,30.177716
5265,18.561892
5266,0.486112
5267,0.002248
5268,1.623596
5269,21.245188
5270,40.111568
5271,0.380628
5272,0.018016
5273,0.082576
5274,75.707832
5275,89.009348
5276,25.46124
5277,91.706424
5278,83.56304
5279,16.313188
5280,26.031928
5281,0.00212
5282,0.241288
5283,14.748964
5284,81.855352
5285,87.08622
5286,85.415344
5287,81.126972
5288,5.002052
5289,0.02646
5290,41.321148
5291,25.332328
5292,6.388724
5293,0.598088
5294,62.042668
5295,40.200888
5296,0.101188
5297,78.015696
5298,6.467564
5299,103.223652
5300,0.035
5301,9.10362
5302,45.767624
5303,91.362632
5304,72.9362
5305,82.647212
5306,0.64526
5307,95.506952
5308,0.24094
5309,25.739244
5310,1.100592
5311,51.504128
5312,0.03166
5313,57.008708
5314,71.444012
5315,5.952236
5316,78.605
5317,5.502864
5318,11.051236
5319,70.939032
5320,70.095436
5321,64.282436
5322,49.255408
5323,51.969116
5324,93.694268
5325,29.994936
5326,59.768584
5327,36.636052
5328,15.589924
5329,56.595288
5330,0.030208
5331,0.073328
5332,78.010016
5333,62.660772
5334,39.002752
5335,24.541252
5336,69.479256
5337,95.28978
5338,0.283436
5339,61.326052
5340,0.030524
5341,0.132252
5342,74.447428
5343,111.478356
5344,25.263616
5345,53.374024
5346,62.859204
5347,36.633416
5348,0.314724
5349,92.611912
5350,97.512836
5351,0.009836
5352,0.067196
5353,29.235292
5354,24.530992
5355,0.114992
5356,46.85656
5357,93.342184
5358,89.14364
5359,20.568432
5360,94.196396
5361,14.710808
5362,81.753932
5363,0.124632
5364,0.166712
5365,35.785988
5366,67.995972
5367,86.902644
5368,101.841672
5369,3.59372
5370,0.012624
5371,1.391728
5372,9.044904
5373,69.696936
5374,2.829636
5375,50.764896
5376,84.23524
5377,30.599968
5378,64.687724
5379,0.016052
5380,1.72132
5381,0.093984
5382,33.709116
5383,38.099408
5384,84.733012
5385,0.0507
5386,46.33126
5387,31.628436
5388,0.060692
5389,0.002068
5390,37.330624
5391,104.385344
5392,0.001964
5393,0.062408
5394,0.090004
5395,0.050256
5396,84.068048
5397,19.96188
5398,46.881732
5399,2.770852
5400,45.528504
5401,68.672504
5402,46.09386
5403,52.783828
5404,36.988024
5405,87.9313
5406,52.2034
5407,8.625624
5408,65.103144
5409,53.269628
5410,94.803052
5411,43.501464
5412,53.28348
5413,1.07958
5414,71.180168
5415,43.63332
5416,13.688296
5417,0.055532
5418,0.048916
5419,6.2379
5420,0.040684
5421,60.044952
5422,32.770908
5423,84.324508
5424,61.700524
5425,49.470336
5426,84.197648
5427,0.045848
5428,30.947008
5429,3.272796
5430,72.072468
5431,90.322424
5432,32.573316
5433,66.960588
5434,8.14322
5435,62.174864
5436,57.485052
5437,109.730004
5438,0.057776
5439,0.034904
5440,60.42088
5441,3.090476
5442,43.584844
5443,44.429544
5444,38.706624
5445,11.349644
5446,49.66616
5447,60.354316
5448,15.642572
5449,0.646648
5450,68.69802
5451,0.050312
5452,0.212652
5453,5.43306
5454,36.17808
5455,39.074928
5456,60.565764
5457,57.570192
5458,55.87092
5459,79.0619
5460,36.700764
5461,78.164956
5462,29.582536
5463,112.699544
5464,69.6949
5465,2.052588
5466,45.4811
5467,51.2681
5468,34.078692
5469,0.011316
5470,91.673276
5471,0.030356
5472,0.080588
5473,0.102864
5474,70.089112
5475,50.984212
5476,4.608812
5477,0.129212
5478,0.026012
5479,74.061604
5480,62.33974
5481,18.20742
5482,59.491884
5483,91.230788
5484,23.780356
5485,52.415516
5486,45.143296
5487,40.153032
5488,87.763276
5489,61.88992
5490,55.440916
5491,0.03218
5492,13.97032
5493,93.139952
5494,9.228568
5495,19.043508
5496,52.364204
5497,0.076792
5498,65.06252
5499,2.582564
5500,81.74146
5501,54.035564
5502,0.045096
5503,1.57008
5504,111.064772
5505,70.901948
5506,0.268068
5507,0.081464
5508,78.928732
5509,0.093296
5510,0.14344
5511,0.407516
5512,73.160576
5513,51.67184
5514,68.66322
5515,51.075468
5516,7.506884
5517,1.766352
5518,75.540452
5519,61.053924
5520,0.003664
5521,0.004264
5522,59.980056
5523,60.094444
5524,3.759312
5525,0.056848
5526,79.683824
5527,21.057308
5528,101.445484
5529,43.971572
5530,56.587896
5531,77.589344
5532,36.082488
5533,80.501788
5534,0.124704
5535,14.856612
5536,0.09846
5537,62.214288
5538,70.479736
5539,30.318712
5540,0.073948
5541,80.088548
5542,52.687784
5543,29.296316
5544,83.77282
5545,12.1018
5546,47.165164
5547,3.026656
5548,84.308404
5549,0.024072
5550,4.132612
5551,104.636288
5552,43.524356
5553,90.787944
5554,84.66322
5555,90.372416
5556,65.524376
5557,0.044572
5558,107.310152
5559,0.040592
5560,85.521776
5561,8.911708
5562,2.25026
5563,84.762156
5564,20.480596
5565,14.30226
5566,50.86316
5567,68.030928
5568,0.362468
5569,12.668392
5570,104.171604
5571,107.053512
5572,0.271288
5573,0.06138
5574,78.971396
5575,11.691184
5576,42.542796
5577,0.029724
5578,65.492804
5579,0.873292
5580,73.453312
5581,0.06618
5582,106.108956
5583,17.577
5584,22.184044
5585,79.799216
5586,34.185296
5587,10.374224
5588,74.922764
5589,1.72614
5590,15.246312
5591,0.208464
5592,88.56444
5593,15.484564
5594,65.9585
5595,20.913356
5596,0.060688
5597,3.664132
5598,0.495136
5599,0.032832
5600,83.86908
5601,3.49452
5602,0.025344
5603,15.36916
5604,1.523684
5605,0.015448
5606,0.027428
5607,0.144944
5608,0.029664
5609,10.868248
5610,0.47828
5611,0.025732
5612,0.03052
5613,2.298532
5614,84.26644
5615,0.014004
5616,25.719604
5617,11.979864
5618,69.535004
5619,109.252204
5620,89.704892
5621,1.595576
5622,40.511884
5623,0.025504
5624,23.063488
5625,0.072304
5626,0.07526
5627,1.750788
5628,84.239372
5629,50.504588
5630,14.64004
5631,0.13548
5632,0.037344
5633,63.507584
5634,0.002376
5635,0.713484
5636,3.182168
5637,38.280148
5638,3.894028
5639,0.012244
5640,0.014156
5641,0.11064
5642,76.96076
5643,5.116144
5644,5.220764
5645,1.079084
5646,0.006232
5647,18.130148
5648,0.149808
5649,0.872288
5650,46.328448
5651,0.340592
5652,30.58788
5653,1.135172
5654,0.186796
5655,1.594924
5656,48.741456
5657,0.591476
5658,39.26684
5659,1.018932
5660,0.076176
5661,0.251236
5662,22.589488
5663,0.220876
5664,0.090336
5665,0.20156
5666,23.264696
5667,0.018008
5668,0.086216
5669,2.660332
5670,25.090044
5671,2.193412
5672,2.243884
5673,0.024384
5674,0.039624
5675,0.133144
5676,2.562656
5677,0.093988
5678,18.233472
5679,0.415736
5680,0.27738
5681,0.046728
5682,0.085524
5683,23.533108
5684,7.046372
5685,0.115052
5686,29.354532
5687,0.280128
5688,0.220152
5689,0.337712
5690,7.877024
5691,32.610872
5692,1.201836
5693,0.114184
5694,0.304648
5695,2.323952
5696,0.37062
5697,26.927468
5698,0.213368
5699,20.38466
5700,35.35876
5701,0.119584
5702,4.967368
5703,0.056928
5704,20.257256
5705,0.671544
5706,0.106836
5707,0.483108
5708,0.043812
5709,0.925652
5710,0.045612
5711,0.244088
5712,1.128204
5713,0.127516
5714,0.165908
5715,0.444016
5716,27.825144
5717,10.855568
5718,1.202884
5719,0.534428
5720,0.147348
5721,0.124068
5722,64.4817
5723,0.840336
5724,0.169028
5725,2.885248
5726,0.6307
5727,1.614924
5728,7.92646
5729,4.498808
5730,0.930412
5731,31.818664
5732,1.352368
5733,0.04216
5734,64.298308
5735,21.644348
5736,3.79526
5737,0.038816
5738,0.389912
5739,0.07782
5740,0.145496
5741,0.993728
5742,21.715164
5743,0.070572
5744,0.065108
5745,0.10248
5746,0.701472
5747,16.978864
5748,0.163696
5749,12.667744
5750,0.037164
5751,1.325428
5752,0.047132
5753,0.38114
5754,2.4419
5755,3.524916
5756,4.289268
5757,1.773436
5758,4.435572
5759,0.02128
5760,24.227268
5761,5.382696
5762,3.63332
5763,0.064392
5764,4.947972
5765,0.037676
5766,0.501396
5767,0.073484
5768,74.548836
5769,0.135764
5770,1.372528
5771,0.081804
5772,2.43322
5773,0.173464
5774,44.394172
5775,29.088716
5776,8.701744
5777,1.045072
5778,31.507068
5779,0.493552
5780,0.019776
5781,0.056056
5782,20.547724
5783,0.053968
5784,6.789888
5785,4.985952
5786,0.2174
5787,0.108164
5788,0.431796
5789,26.233684
5790,0.023624
5791,0.297784
5792,0.074628
5793,0.051204
5794,0.629768
5795,0.7337
5796,0.062268
5797,0.770216
5798,7.371396
5799,14.794828
5800,19.541528
5801,21.138324
5802,1.262368
5803,0.42772
5804,8.097424
5805,0.1801
5806,2.228268
5807,0.056764
5808,4.535936
5809,8.25074
5810,2.610496
5811,1.382968
5812,1.05868
5813,14.009656
5814,0.1234
5815,0.456708
5816,0.374676
5817,0.277108
5818,0.032756
5819,0.893508
5820,0.074116
5821,10.042516
5822,0.204864
5823,0.035168
5824,0.59622
5825,0.743304
5826,4.74616
5827,20.257836
5828,8.76912
5829,0.621276
5830,36.766708
5831,1.471548
5832,0.08976
5833,1.699116
5834,0.057116
5835,2.162872
5836,25.240776
5837,1.059372
5838,0.725016
5839,3.544668
5840,0.02278
5841,0.275376
5842,38.868716
5843,1.431848
5844,0.463056
5845,13.381032
5846,2.398968
5847,8.558624
5848,0.220236
5849,0.465584
5850,0.408528
5851,0.07912
5852,0.101676
5853,1.592284
5854,0.378044
5855,26.017608
5856,1.147972
5857,9.701224
5858,0.667216
5859,0.970176
5860,20.157716
5861,0.62548
5862,0.721652
5863,0.079696
5864,0.170188
5865,0.378948
5866,0.143104
5867,0.07038
5868,0.67314
5869,41.205636
5870,16.630996
5871,0.315876
5872,37.914852
5873,0.982772
5874,0.130852
5875,7.648412
5876,0.392516
5877,10.738584
5878,0.077048
5879,0.149988
5880,1.554728
5881,0.18056
5882,0.156448
5883,1.952244
5884,1.733336
5885,2.06602
5886,0.162296
5887,1.92326
5888,1.321516
5889,2.27936
5890,0.29824
5891,1.291844
5892,1.496944
5893,8.51054
5894,1.400888
5895,0.85094
5896,0.342732
5897,0.890204
5898,0.880432
5899,0.351708
5900,28.272456
5901,1.28382
5902,0.250384
5903,0.173364
5904,0.187604
5905,0.424712
5906,1.22072
5907,0.65778
5908,0.648352
5909,1.559676
5910,3.637444
5911,2.521432
5912,14.976224
5913,0.2706
5914,0.251924
5915,0.98516
5916,0.689528
5917,0.817224
5918,2.660344
5919,0.734532
5920,0.700632
5921,1.47042
5922,38.584408
5923,0.607612
5924,10.024264
5925,0.7078
5926,0.38456
5927,1.581784
5928,2.690028
5929,3.872456
5930,1.962016
5931,0.09532
5932,1.6637
5933,1.437564
5934,2.750948
5935,4.709272
5936,0.700888
5937,0.744064
5938,0.262912
5939,0.821712
5940,0.505924
5941,1.264884
5942,1.203564
5943,0.775044
5944,10.244404
5945,0.918564
5946,7.939036
5947,25.863932
5948,2.935176
5949,14.64222
5950,19.461716
5951,56.831956
5952,0.61226
5953,0.626184
5954,1.53308
5955,0.48376
5956,4.868456
5957,1.789068
5958,24.643016
5959,48.931604
5960,1.446636
5961,1.982776
5962,7.517332
5963,9.14022
5964,1.803008
5965,10.633336
5966,0.944352
5967,10.30996
5968,4.14814
5969,0.81704
5970,1.757432
5971,1.109812
5972,2.068252
5973,21.807848
5974,19.211092
5975,34.49374
5976,17.686664
5977,20.20022
5978,29.134796
5979,52.741248
5980,4.398608
5981,1.257912
5982,9.340932
5983,25.84002
5984,4.820432
5985,1.885352
5986,0.739028
5987,28.368504
5988,8.275016
5989,2.083112
5990,20.645704
5991,11.496288
5992,25.045
5993,9.958732
5994,43.378552
5995,1.875196
5996,38.311988
5997,45.421152
5998,6.3904
5999,20.242868
6000,9.26826
6001,1.346264
6002,1.515292
6003,6.220376
6004,0.792396
6005,7.146932
6006,23.646764
6007,52.93368
6008,3.622216
6009,1.523792
6010,22.22972
6011,63.146216
6012,2.405224
6013,0.346136
6014,3.453048
6015,62.9961
6016,52.876332
6017,3.127916
6018,15.373012
6019,1.96668
6020,3.075008
6021,3.890744
6022,1.341428
6023,86.305072
6024,29.456532
6025,2.74904
6026,22.65414
6027,3.406712
6028,1.639488
6029,102.356708
6030,33.788904
6031,23.907348
6032,66.372944
6033,45.607044
6034,4.095908
6035,3.358064
6036,3.710444
6037,2.767372
6038,24.313492
6039,2.968256
6040,22.167632
6041,54.938364
6042,1.249724
6043,42.614312
6044,0.757392
6045,5.133216
6046,5.574692
6047,3.796396
6048,4.404932
6049,6.701496
6050,4.553124
6051,81.972612
6052,35.493252
6053,60.504672
6054,3.485072
6055,19.77952
6056,2.439516
6057,0.8054
6058,52.720836
6059,49.582572
6060,1.841416
6061,4.313028
6062,11.970472
6063,47.796
6064,1.845868
6065,28.37782
6066,27.937484
6067,2.042276
6068,15.204268
6069,8.609328
6070,51.859764
6071,50.594316
6072,54.299028
6073,24.438216
6074,41.376296
6075,0.57796
6076,36.765228
6077,32.642936
6078,6.940372
6079,78.931524
6080,20.817964
6081,0.547076
6082,2.570224
6083,16.913552
6084,13.899572
6085,10.453628
6086,27.677044
6087,1.662996
6088,0.271176
6089,4.418728
6090,21.908756
6091,3.041068
6092,19.337888
6093,31.150784
6094,4.132228
6095,44.802164
6096,14.898996
6097,1.12908
6098,26.937176
6099,34.862
6100,0.313064
6101,3.339596
6102,0.442324
6103,1.23242
6104,51.185348
6105,6.614156
6106,62.848024
6107,10.435008
6108,43.259636
6109,0.705116
6110,3.695044
6111,12.379996
6112,34.352852
6113,42.050288
6114,47.345284
6115,21.888612
6116,79.055628
6117,21.618348
6118,108.960104
6119,7.729156
6120,10.352864
6121,10.005956
6122,48.074268
6123,7.859044
6124,2.4616
6125,43.328688
6126,1.079236
6127,27.169636
6128,49.4589
6129,11.584648
6130,15.249088
6131,59.296428
6132,6.996764
6133,36.676552
6134,53.029688
6135,10.634448
6136,11.476788
6137,59.667568
6138,54.768936
6139,36.62622
6140,61.164744
6141,0.825212
6142,15.409592
6143,2.907996
6144,3.372144
6145,9.929976
6146,9.913668
6147,23.52354
6148,23.126564
6149,61.381508
6150,5.286996
6151,3.462996
6152,6.495784
6153,35.214088
6154,14.808072
6155,4.049204
6156,1.069768
6157,37.4305
6158,15.022508
6159,82.201928
6160,65.338568
6161,69.728504
6162,8.847752
6163,2.844964
6164,2.806112
6165,8.101
6166,3.238892
6167,4.7329
6168,16.021
6169,72.729584
6170,1.846844
6171,1.223792
6172,56.963416
6173,52.96468
6174,1.9216
6175,32.655056
6176,0.946748
6177,81.003236
6178,35.459396
6179,3.282716
6180,10.549032
6181,18.211416
6182,0.631604
6183,79.510768
6184,10.344196
6185,22.556256
6186,16.434824
6187,17.119744
6188,58.416328
6189,35.672696
6190,35.190324
6191,5.252448
6192,14.177664
6193,3.873112
6194,0.478564
6195,0.954168
6196,1.116812
6197,0.611704
6198,18.408572
6199,0.914564
6200,14.797584
6201,55.243604
6202,42.452348
6203,9.255308
6204,42.775688
6205,7.777184
6206,14.264252
6207,5.886912
6208,4.229576
6209,44.386688
6210,28.15644
6211,1.398668
6212,3.92102
6213,15.675744
6214,1.417496
6215,0.318232
6216,60.83632
6217,0.547992
6218,33.744904
6219,103.293116
6220,32.958264
6221,0.61024
6222,53.828908
6223,0.229824
6224,68.699844
6225,57.126516
6226,75.540092
6227,0.538836
6228,2.323324
6229,27.190612
6230,72.992628
6231,5.560568
6232,142.264484
6233,63.598208
6234,3.823228
6235,59.909008
6236,102.208472
6237,9.874076
6238,61.446292
6239,51.51126
6240,80.570808
6241,133.714684
6242,57.461592
6243,0.12846
6244,1.05754
6245,0.623936
6246,51.75114
6247,29.932136
6248,1.041968
6249,4.264496
6250,50.9117
6251,6.180744
6252,11.275168
6253,0.710128
6254,30.171388
6255,83.773312
6256,4.680052
6257,0.678264
6258,22.767672
6259,0.716604
6260,29.751628
6261,79.02886
6262,0.582388
6263,36.383984
6264,0.790072
6265,61.526268
6266,0.699604
6267,5.46544
6268,31.058124
6269,26.210248
6270,18.622504
6271,20.449728
6272,47.03506
6273,14.174928
6274,3.542928
6275,0.548344
6276,0.720836
6277,97.80226
6278,1.281624
6279,0.657892
6280,62.385188
6281,67.135116
6282,0.446504
6283,0.9673
6284,1.509004
6285,43.032884
6286,80.77594
6287,1.538132
6288,48.96452
6289,77.310036
6290,0.665324
6291,1.268628
6292,1.019588
6293,4.150176
6294,0.942268
6295,0.86194
6296,0.303312
6297,1.042268
6298,0.364372
6299,0.448628
6300,34.519408
6301,16.818088
6302,41.722924
6303,0.543244
6304,3.21074
6305,16.348756
6306,16.823908
6307,0.2226
6308,48.084896
6309,0.47506
6310,9.44838
6311,68.348408
6312,71.513556
6313,48.269944
6314,53.474784
6315,1.76344
6316,60.271448
6317,81.335584
6318,2.473716
6319,159.197224
6320,0.302716
6321,1.576352
6322,78.662376
6323,22.43436
6324,0.286044
6325,5.270332
6326,5.503548
6327,0.20552
6328,21.955828
6329,56.014508
6330,60.02664
6331,109.150644
6332,20.330096
6333,38.003476
6334,0.99358
6335,58.807748
6336,64.674768
6337,10.061552
6338,14.00754
6339,0.229184
6340,3.886424
6341,31.46732
6342,62.245152
6343,129.563428
6344,67.133176
6345,27.780168
6346,3.816332
6347,58.307764
6348,111.224696
6349,6.877768
6350,48.445492
6351,50.54246
6352,65.967932
6353,61.771016
6354,6.697656
6355,0.198392
6356,18.079584
6357,21.0639
6358,12.733196
6359,4.362732
6360,107.572792
6361,4.214548
6362,85.313672
6363,3.847772
6364,45.961532
6365,43.07596
6366,1.149832
6367,67.295932
6368,2.553588
6369,78.253052
6370,100.537992
6371,82.839904
6372,0.121464
6373,0.703956
6374,29.278436
6375,54.390484
6376,113.9978
6377,63.359548
6378,59.615548
6379,79.745008
6380,17.115132
6381,4.740576
6382,33.75458
6383,45.159008
6384,79.549052
6385,105.90672
6386,5.119288
6387,29.702156
6388,103.754488
6389,0.445024
6390,132.111124
6391,98.04356
6392,13.070564
6393,74.631624
6394,12.921256
6395,96.51078
6396,38.784608
6397,75.438156
6398,18.933772
6399,1.24168
6400,35.308116
